sample_id,filename,source,split,change_ratio,A_path,B_path,label_path,annotator,label_quality_ok,registration_ok,pseudo_change_risk,error_type,notes
jrc_tmf_2020_2023_congo_gabon_01_000768_005120,jrc_tmf_2020_2023_congo_gabon_01_000768_005120.png,jrc_tmf_2020_2023_congo_gabon_01,test,0.0,/private/tmp/JRC_TMF_256_5000_build/A/jrc_tmf_2020_2023_congo_gabon_01_000768_005120.png,/private/tmp/JRC_TMF_256_5000_build/B/jrc_tmf_2020_2023_congo_gabon_01_000768_005120.png,/private/tmp/JRC_TMF_256_5000_build/label/jrc_tmf_2020_2023_congo_gabon_01_000768_005120.png,,,,,,
jrc_tmf_2020_2023_amazon_colombia_01_004096_006144,jrc_tmf_2020_2023_amazon_colombia_01_004096_006144.png,jrc_tmf_2020_2023_amazon_colombia_01,train,0.0,/private/tmp/JRC_TMF_256_5000_build/A/jrc_tmf_2020_2023_amazon_colombia_01_004096_006144.png,/private/tmp/JRC_TMF_256_5000_build/B/jrc_tmf_2020_2023_amazon_colombia_01_004096_006144.png,/private/tmp/JRC_TMF_256_5000_build/label/jrc_tmf_2020_2023_amazon_colombia_01_004096_006144.png,,,,,,
jrc_tmf_2020_2023_congo_cameroon_01_006144_001536,jrc_tmf_2020_2023_congo_cameroon_01_006144_001536.png,jrc_tmf_2020_2023_congo_cameroon_01,train,0.008485185700375574,/private/tmp/JRC_TMF_256_5000_build/A/jrc_tmf_2020_2023_congo_cameroon_01_006144_001536.png,/private/tmp/JRC_TMF_256_5000_build/B/jrc_tmf_2020_2023_congo_cameroon_01_006144_001536.png,/private/tmp/JRC_TMF_256_5000_build/label/jrc_tmf_2020_2023_congo_cameroon_01_006144_001536.png,,,,,,
jrc_tmf_2020_2023_amazon_brazil_01_005376_002048,jrc_tmf_2020_2023_amazon_brazil_01_005376_002048.png,jrc_tmf_2020_2023_amazon_brazil_01,train,0.279547994916474,/private/tmp/JRC_TMF_256_5000_build/A/jrc_tmf_2020_2023_amazon_brazil_01_005376_002048.png,/private/tmp/JRC_TMF_256_5000_build/B/jrc_tmf_2020_2023_amazon_brazil_01_005376_002048.png,/private/tmp/JRC_TMF_256_5000_build/label/jrc_tmf_2020_2023_amazon_brazil_01_005376_002048.png,,,,,,
jrc_tmf_2020_2023_amazon_brazil_01_005120_000768,jrc_tmf_2020_2023_amazon_brazil_01_005120_000768.png,jrc_tmf_2020_2023_amazon_brazil_01,train,0.01756527276586712,/private/tmp/JRC_TMF_256_5000_build/A/jrc_tmf_2020_2023_amazon_brazil_01_005120_000768.png,/private/tmp/JRC_TMF_256_5000_build/B/jrc_tmf_2020_2023_amazon_brazil_01_005120_000768.png,/private/tmp/JRC_TMF_256_5000_build/label/jrc_tmf_2020_2023_amazon_brazil_01_005120_000768.png,,,,,,
jrc_tmf_2020_2023_se_asia_borneo_02_stable_000512_002816,jrc_tmf_2020_2023_se_asia_borneo_02_stable_000512_002816.png,jrc_tmf_2020_2023_se_asia_borneo_02_stable,train,0.0,/private/tmp/JRC_TMF_256_5000_build/A/jrc_tmf_2020_2023_se_asia_borneo_02_stable_000512_002816.png,/private/tmp/JRC_TMF_256_5000_build/B/jrc_tmf_2020_2023_se_asia_borneo_02_stable_000512_002816.png,/private/tmp/JRC_TMF_256_5000_build/label/jrc_tmf_2020_2023_se_asia_borneo_02_stable_000512_002816.png,,,,,,
jrc_tmf_2020_2023_se_asia_sumatra_02_stable_006912_002816,jrc_tmf_2020_2023_se_asia_sumatra_02_stable_006912_002816.png,jrc_tmf_2020_2023_se_asia_sumatra_02_stable,val,0.032216355996121104,/private/tmp/JRC_TMF_256_5000_build/A/jrc_tmf_2020_2023_se_asia_sumatra_02_stable_006912_002816.png,/private/tmp/JRC_TMF_256_5000_build/B/jrc_tmf_2020_2023_se_asia_sumatra_02_stable_006912_002816.png,/private/tmp/JRC_TMF_256_5000_build/label/jrc_tmf_2020_2023_se_asia_sumatra_02_stable_006912_002816.png,,,,,,
jrc_tmf_2020_2023_se_asia_borneo_02_stable_006144_003840,jrc_tmf_2020_2023_se_asia_borneo_02_stable_006144_003840.png,jrc_tmf_2020_2023_se_asia_borneo_02_stable,train,0.003091646340516103,/private/tmp/JRC_TMF_256_5000_build/A/jrc_tmf_2020_2023_se_asia_borneo_02_stable_006144_003840.png,/private/tmp/JRC_TMF_256_5000_build/B/jrc_tmf_2020_2023_se_asia_borneo_02_stable_006144_003840.png,/private/tmp/JRC_TMF_256_5000_build/label/jrc_tmf_2020_2023_se_asia_borneo_02_stable_006144_003840.png,,,,,,
jrc_tmf_2020_2023_congo_drc_02_stable_001280_006144,jrc_tmf_2020_2023_congo_drc_02_stable_001280_006144.png,jrc_tmf_2020_2023_congo_drc_02_stable,train,0.00889194060595657,/private/tmp/JRC_TMF_256_5000_build/A/jrc_tmf_2020_2023_congo_drc_02_stable_001280_006144.png,/private/tmp/JRC_TMF_256_5000_build/B/jrc_tmf_2020_2023_congo_drc_02_stable_001280_006144.png,/private/tmp/JRC_TMF_256_5000_build/label/jrc_tmf_2020_2023_congo_drc_02_stable_001280_006144.png,,,,,,
jrc_tmf_2020_2023_congo_drc_01_004864_003840,jrc_tmf_2020_2023_congo_drc_01_004864_003840.png,jrc_tmf_2020_2023_congo_drc_01,train,0.048194241093216204,/private/tmp/JRC_TMF_256_5000_build/A/jrc_tmf_2020_2023_congo_drc_01_004864_003840.png,/private/tmp/JRC_TMF_256_5000_build/B/jrc_tmf_2020_2023_congo_drc_01_004864_003840.png,/private/tmp/JRC_TMF_256_5000_build/label/jrc_tmf_2020_2023_congo_drc_01_004864_003840.png,,,,,,
jrc_tmf_2020_2023_amazon_colombia_01_000768_005376,jrc_tmf_2020_2023_amazon_colombia_01_000768_005376.png,jrc_tmf_2020_2023_amazon_colombia_01,train,0.011384446343547796,/private/tmp/JRC_TMF_256_5000_build/A/jrc_tmf_2020_2023_amazon_colombia_01_000768_005376.png,/private/tmp/JRC_TMF_256_5000_build/B/jrc_tmf_2020_2023_amazon_colombia_01_000768_005376.png,/private/tmp/JRC_TMF_256_5000_build/label/jrc_tmf_2020_2023_amazon_colombia_01_000768_005376.png,,,,,,
jrc_tmf_2020_2023_se_asia_papua_01_stable_002048_000512,jrc_tmf_2020_2023_se_asia_papua_01_stable_002048_000512.png,jrc_tmf_2020_2023_se_asia_papua_01_stable,train,0.0,/private/tmp/JRC_TMF_256_5000_build/A/jrc_tmf_2020_2023_se_asia_papua_01_stable_002048_000512.png,/private/tmp/JRC_TMF_256_5000_build/B/jrc_tmf_2020_2023_se_asia_papua_01_stable_002048_000512.png,/private/tmp/JRC_TMF_256_5000_build/label/jrc_tmf_2020_2023_se_asia_papua_01_stable_002048_000512.png,,,,,,
jrc_tmf_2020_2023_se_asia_borneo_01_006656_003072,jrc_tmf_2020_2023_se_asia_borneo_01_006656_003072.png,jrc_tmf_2020_2023_se_asia_borneo_01,test,0.06070499596376357,/private/tmp/JRC_TMF_256_5000_build/A/jrc_tmf_2020_2023_se_asia_borneo_01_006656_003072.png,/private/tmp/JRC_TMF_256_5000_build/B/jrc_tmf_2020_2023_se_asia_borneo_01_006656_003072.png,/private/tmp/JRC_TMF_256_5000_build/label/jrc_tmf_2020_2023_se_asia_borneo_01_006656_003072.png,,,,,,
jrc_tmf_2020_2023_amazon_peru_02_stable_003584_006400,jrc_tmf_2020_2023_amazon_peru_02_stable_003584_006400.png,jrc_tmf_2020_2023_amazon_peru_02_stable,train,0.0,/private/tmp/JRC_TMF_256_5000_build/A/jrc_tmf_2020_2023_amazon_peru_02_stable_003584_006400.png,/private/tmp/JRC_TMF_256_5000_build/B/jrc_tmf_2020_2023_amazon_peru_02_stable_003584_006400.png,/private/tmp/JRC_TMF_256_5000_build/label/jrc_tmf_2020_2023_amazon_peru_02_stable_003584_006400.png,,,,,,
jrc_tmf_2020_2023_se_asia_borneo_01_001280_006400,jrc_tmf_2020_2023_se_asia_borneo_01_001280_006400.png,jrc_tmf_2020_2023_se_asia_borneo_01,val,0.0,/private/tmp/JRC_TMF_256_5000_build/A/jrc_tmf_2020_2023_se_asia_borneo_01_001280_006400.png,/private/tmp/JRC_TMF_256_5000_build/B/jrc_tmf_2020_2023_se_asia_borneo_01_001280_006400.png,/private/tmp/JRC_TMF_256_5000_build/label/jrc_tmf_2020_2023_se_asia_borneo_01_001280_006400.png,,,,,,
jrc_tmf_2020_2023_amazon_peru_01_007168_001024,jrc_tmf_2020_2023_amazon_peru_01_007168_001024.png,jrc_tmf_2020_2023_amazon_peru_01,test,0.07191189509543143,/private/tmp/JRC_TMF_256_5000_build/A/jrc_tmf_2020_2023_amazon_peru_01_007168_001024.png,/private/tmp/JRC_TMF_256_5000_build/B/jrc_tmf_2020_2023_amazon_peru_01_007168_001024.png,/private/tmp/JRC_TMF_256_5000_build/label/jrc_tmf_2020_2023_amazon_peru_01_007168_001024.png,,,,,,
jrc_tmf_2020_2023_congo_gabon_02_stable_006400_001792,jrc_tmf_2020_2023_congo_gabon_02_stable_006400_001792.png,jrc_tmf_2020_2023_congo_gabon_02_stable,test,0.0,/private/tmp/JRC_TMF_256_5000_build/A/jrc_tmf_2020_2023_congo_gabon_02_stable_006400_001792.png,/private/tmp/JRC_TMF_256_5000_build/B/jrc_tmf_2020_2023_congo_gabon_02_stable_006400_001792.png,/private/tmp/JRC_TMF_256_5000_build/label/jrc_tmf_2020_2023_congo_gabon_02_stable_006400_001792.png,,,,,,
jrc_tmf_2020_2023_congo_roc_01_stable_001536_005888,jrc_tmf_2020_2023_congo_roc_01_stable_001536_005888.png,jrc_tmf_2020_2023_congo_roc_01_stable,train,0.0,/private/tmp/JRC_TMF_256_5000_build/A/jrc_tmf_2020_2023_congo_roc_01_stable_001536_005888.png,/private/tmp/JRC_TMF_256_5000_build/B/jrc_tmf_2020_2023_congo_roc_01_stable_001536_005888.png,/private/tmp/JRC_TMF_256_5000_build/label/jrc_tmf_2020_2023_congo_roc_01_stable_001536_005888.png,,,,,,
jrc_tmf_2020_2023_se_asia_papua_01_stable_004096_004352,jrc_tmf_2020_2023_se_asia_papua_01_stable_004096_004352.png,jrc_tmf_2020_2023_se_asia_papua_01_stable,train,0.003291506984794165,/private/tmp/JRC_TMF_256_5000_build/A/jrc_tmf_2020_2023_se_asia_papua_01_stable_004096_004352.png,/private/tmp/JRC_TMF_256_5000_build/B/jrc_tmf_2020_2023_se_asia_papua_01_stable_004096_004352.png,/private/tmp/JRC_TMF_256_5000_build/label/jrc_tmf_2020_2023_se_asia_papua_01_stable_004096_004352.png,,,,,,
jrc_tmf_2020_2023_amazon_colombia_02_stable_007168_000512,jrc_tmf_2020_2023_amazon_colombia_02_stable_007168_000512.png,jrc_tmf_2020_2023_amazon_colombia_02_stable,val,0.003893020495094445,/private/tmp/JRC_TMF_256_5000_build/A/jrc_tmf_2020_2023_amazon_colombia_02_stable_007168_000512.png,/private/tmp/JRC_TMF_256_5000_build/B/jrc_tmf_2020_2023_amazon_colombia_02_stable_007168_000512.png,/private/tmp/JRC_TMF_256_5000_build/label/jrc_tmf_2020_2023_amazon_colombia_02_stable_007168_000512.png,,,,,,
jrc_tmf_2020_2023_amazon_colombia_02_stable_005376_006400,jrc_tmf_2020_2023_amazon_colombia_02_stable_005376_006400.png,jrc_tmf_2020_2023_amazon_colombia_02_stable,train,0.0,/private/tmp/JRC_TMF_256_5000_build/A/jrc_tmf_2020_2023_amazon_colombia_02_stable_005376_006400.png,/private/tmp/JRC_TMF_256_5000_build/B/jrc_tmf_2020_2023_amazon_colombia_02_stable_005376_006400.png,/private/tmp/JRC_TMF_256_5000_build/label/jrc_tmf_2020_2023_amazon_colombia_02_stable_005376_006400.png,,,,,,
jrc_tmf_2020_2023_congo_drc_01_000512_006912,jrc_tmf_2020_2023_congo_drc_01_000512_006912.png,jrc_tmf_2020_2023_congo_drc_01,train,0.0,/private/tmp/JRC_TMF_256_5000_build/A/jrc_tmf_2020_2023_congo_drc_01_000512_006912.png,/private/tmp/JRC_TMF_256_5000_build/B/jrc_tmf_2020_2023_congo_drc_01_000512_006912.png,/private/tmp/JRC_TMF_256_5000_build/label/jrc_tmf_2020_2023_congo_drc_01_000512_006912.png,,,,,,
jrc_tmf_2020_2023_congo_roc_01_stable_004352_005632,jrc_tmf_2020_2023_congo_roc_01_stable_004352_005632.png,jrc_tmf_2020_2023_congo_roc_01_stable,train,0.024746645436300608,/private/tmp/JRC_TMF_256_5000_build/A/jrc_tmf_2020_2023_congo_roc_01_stable_004352_005632.png,/private/tmp/JRC_TMF_256_5000_build/B/jrc_tmf_2020_2023_congo_roc_01_stable_004352_005632.png,/private/tmp/JRC_TMF_256_5000_build/label/jrc_tmf_2020_2023_congo_roc_01_stable_004352_005632.png,,,,,,
jrc_tmf_2020_2023_amazon_bolivia_01_000512_001280,jrc_tmf_2020_2023_amazon_bolivia_01_000512_001280.png,jrc_tmf_2020_2023_amazon_bolivia_01,train,0.05967756850898554,/private/tmp/JRC_TMF_256_5000_build/A/jrc_tmf_2020_2023_amazon_bolivia_01_000512_001280.png,/private/tmp/JRC_TMF_256_5000_build/B/jrc_tmf_2020_2023_amazon_bolivia_01_000512_001280.png,/private/tmp/JRC_TMF_256_5000_build/label/jrc_tmf_2020_2023_amazon_bolivia_01_000512_001280.png,,,,,,
jrc_tmf_2020_2023_se_asia_borneo_01_004864_006656,jrc_tmf_2020_2023_se_asia_borneo_01_004864_006656.png,jrc_tmf_2020_2023_se_asia_borneo_01,train,0.01836333621570631,/private/tmp/JRC_TMF_256_5000_build/A/jrc_tmf_2020_2023_se_asia_borneo_01_004864_006656.png,/private/tmp/JRC_TMF_256_5000_build/B/jrc_tmf_2020_2023_se_asia_borneo_01_004864_006656.png,/private/tmp/JRC_TMF_256_5000_build/label/jrc_tmf_2020_2023_se_asia_borneo_01_004864_006656.png,,,,,,
jrc_tmf_2020_2023_se_asia_papua_01_stable_005632_002560,jrc_tmf_2020_2023_se_asia_papua_01_stable_005632_002560.png,jrc_tmf_2020_2023_se_asia_papua_01_stable,val,0.017519924130243083,/private/tmp/JRC_TMF_256_5000_build/A/jrc_tmf_2020_2023_se_asia_papua_01_stable_005632_002560.png,/private/tmp/JRC_TMF_256_5000_build/B/jrc_tmf_2020_2023_se_asia_papua_01_stable_005632_002560.png,/private/tmp/JRC_TMF_256_5000_build/label/jrc_tmf_2020_2023_se_asia_papua_01_stable_005632_002560.png,,,,,,
jrc_tmf_2020_2023_se_asia_sumatra_01_002560_005632,jrc_tmf_2020_2023_se_asia_sumatra_01_002560_005632.png,jrc_tmf_2020_2023_se_asia_sumatra_01,train,0.0,/private/tmp/JRC_TMF_256_5000_build/A/jrc_tmf_2020_2023_se_asia_sumatra_01_002560_005632.png,/private/tmp/JRC_TMF_256_5000_build/B/jrc_tmf_2020_2023_se_asia_sumatra_01_002560_005632.png,/private/tmp/JRC_TMF_256_5000_build/label/jrc_tmf_2020_2023_se_asia_sumatra_01_002560_005632.png,,,,,,
jrc_tmf_2020_2023_congo_gabon_02_stable_000512_006144,jrc_tmf_2020_2023_congo_gabon_02_stable_000512_006144.png,jrc_tmf_2020_2023_congo_gabon_02_stable,train,0.03953635261783233,/private/tmp/JRC_TMF_256_5000_build/A/jrc_tmf_2020_2023_congo_gabon_02_stable_000512_006144.png,/private/tmp/JRC_TMF_256_5000_build/B/jrc_tmf_2020_2023_congo_gabon_02_stable_000512_006144.png,/private/tmp/JRC_TMF_256_5000_build/label/jrc_tmf_2020_2023_congo_gabon_02_stable_000512_006144.png,,,,,,
jrc_tmf_2020_2023_amazon_guyana_01_stable_002048_006656,jrc_tmf_2020_2023_amazon_guyana_01_stable_002048_006656.png,jrc_tmf_2020_2023_amazon_guyana_01_stable,test,0.0,/private/tmp/JRC_TMF_256_5000_build/A/jrc_tmf_2020_2023_amazon_guyana_01_stable_002048_006656.png,/private/tmp/JRC_TMF_256_5000_build/B/jrc_tmf_2020_2023_amazon_guyana_01_stable_002048_006656.png,/private/tmp/JRC_TMF_256_5000_build/label/jrc_tmf_2020_2023_amazon_guyana_01_stable_002048_006656.png,,,,,,
jrc_tmf_2020_2023_se_asia_borneo_01_006656_003840,jrc_tmf_2020_2023_se_asia_borneo_01_006656_003840.png,jrc_tmf_2020_2023_se_asia_borneo_01,test,0.1502832127783095,/private/tmp/JRC_TMF_256_5000_build/A/jrc_tmf_2020_2023_se_asia_borneo_01_006656_003840.png,/private/tmp/JRC_TMF_256_5000_build/B/jrc_tmf_2020_2023_se_asia_borneo_01_006656_003840.png,/private/tmp/JRC_TMF_256_5000_build/label/jrc_tmf_2020_2023_se_asia_borneo_01_006656_003840.png,,,,,,
jrc_tmf_2020_2023_amazon_guyana_01_stable_003840_006144,jrc_tmf_2020_2023_amazon_guyana_01_stable_003840_006144.png,jrc_tmf_2020_2023_amazon_guyana_01_stable,train,0.07381940609580134,/private/tmp/JRC_TMF_256_5000_build/A/jrc_tmf_2020_2023_amazon_guyana_01_stable_003840_006144.png,/private/tmp/JRC_TMF_256_5000_build/B/jrc_tmf_2020_2023_amazon_guyana_01_stable_003840_006144.png,/private/tmp/JRC_TMF_256_5000_build/label/jrc_tmf_2020_2023_amazon_guyana_01_stable_003840_006144.png,,,,,,
jrc_tmf_2020_2023_amazon_colombia_01_000256_004096,jrc_tmf_2020_2023_amazon_colombia_01_000256_004096.png,jrc_tmf_2020_2023_amazon_colombia_01,train,0.41201343116527794,/private/tmp/JRC_TMF_256_5000_build/A/jrc_tmf_2020_2023_amazon_colombia_01_000256_004096.png,/private/tmp/JRC_TMF_256_5000_build/B/jrc_tmf_2020_2023_amazon_colombia_01_000256_004096.png,/private/tmp/JRC_TMF_256_5000_build/label/jrc_tmf_2020_2023_amazon_colombia_01_000256_004096.png,,,,,,
jrc_tmf_2020_2023_amazon_peru_02_stable_005376_001536,jrc_tmf_2020_2023_amazon_peru_02_stable_005376_001536.png,jrc_tmf_2020_2023_amazon_peru_02_stable,train,0.052894766085120566,/private/tmp/JRC_TMF_256_5000_build/A/jrc_tmf_2020_2023_amazon_peru_02_stable_005376_001536.png,/private/tmp/JRC_TMF_256_5000_build/B/jrc_tmf_2020_2023_amazon_peru_02_stable_005376_001536.png,/private/tmp/JRC_TMF_256_5000_build/label/jrc_tmf_2020_2023_amazon_peru_02_stable_005376_001536.png,,,,,,
jrc_tmf_2020_2023_amazon_guyana_01_stable_001024_006144,jrc_tmf_2020_2023_amazon_guyana_01_stable_001024_006144.png,jrc_tmf_2020_2023_amazon_guyana_01_stable,train,0.0025355899065192156,/private/tmp/JRC_TMF_256_5000_build/A/jrc_tmf_2020_2023_amazon_guyana_01_stable_001024_006144.png,/private/tmp/JRC_TMF_256_5000_build/B/jrc_tmf_2020_2023_amazon_guyana_01_stable_001024_006144.png,/private/tmp/JRC_TMF_256_5000_build/label/jrc_tmf_2020_2023_amazon_guyana_01_stable_001024_006144.png,,,,,,
jrc_tmf_2020_2023_congo_gabon_02_stable_003840_006400,jrc_tmf_2020_2023_congo_gabon_02_stable_003840_006400.png,jrc_tmf_2020_2023_congo_gabon_02_stable,train,0.005144714831297541,/private/tmp/JRC_TMF_256_5000_build/A/jrc_tmf_2020_2023_congo_gabon_02_stable_003840_006400.png,/private/tmp/JRC_TMF_256_5000_build/B/jrc_tmf_2020_2023_congo_gabon_02_stable_003840_006400.png,/private/tmp/JRC_TMF_256_5000_build/label/jrc_tmf_2020_2023_congo_gabon_02_stable_003840_006400.png,,,,,,
jrc_tmf_2020_2023_amazon_guyana_01_stable_004864_004864,jrc_tmf_2020_2023_amazon_guyana_01_stable_004864_004864.png,jrc_tmf_2020_2023_amazon_guyana_01_stable,test,0.012799786670222163,/private/tmp/JRC_TMF_256_5000_build/A/jrc_tmf_2020_2023_amazon_guyana_01_stable_004864_004864.png,/private/tmp/JRC_TMF_256_5000_build/B/jrc_tmf_2020_2023_amazon_guyana_01_stable_004864_004864.png,/private/tmp/JRC_TMF_256_5000_build/label/jrc_tmf_2020_2023_amazon_guyana_01_stable_004864_004864.png,,,,,,
jrc_tmf_2020_2023_amazon_brazil_01_002048_001280,jrc_tmf_2020_2023_amazon_brazil_01_002048_001280.png,jrc_tmf_2020_2023_amazon_brazil_01,train,0.0,/private/tmp/JRC_TMF_256_5000_build/A/jrc_tmf_2020_2023_amazon_brazil_01_002048_001280.png,/private/tmp/JRC_TMF_256_5000_build/B/jrc_tmf_2020_2023_amazon_brazil_01_002048_001280.png,/private/tmp/JRC_TMF_256_5000_build/label/jrc_tmf_2020_2023_amazon_brazil_01_002048_001280.png,,,,,,
jrc_tmf_2020_2023_amazon_brazil_01_002304_005888,jrc_tmf_2020_2023_amazon_brazil_01_002304_005888.png,jrc_tmf_2020_2023_amazon_brazil_01,train,0.002036628690432439,/private/tmp/JRC_TMF_256_5000_build/A/jrc_tmf_2020_2023_amazon_brazil_01_002304_005888.png,/private/tmp/JRC_TMF_256_5000_build/B/jrc_tmf_2020_2023_amazon_brazil_01_002304_005888.png,/private/tmp/JRC_TMF_256_5000_build/label/jrc_tmf_2020_2023_amazon_brazil_01_002304_005888.png,,,,,,
jrc_tmf_2020_2023_congo_drc_02_stable_002048_004608,jrc_tmf_2020_2023_congo_drc_02_stable_002048_004608.png,jrc_tmf_2020_2023_congo_drc_02_stable,train,0.024575499827375162,/private/tmp/JRC_TMF_256_5000_build/A/jrc_tmf_2020_2023_congo_drc_02_stable_002048_004608.png,/private/tmp/JRC_TMF_256_5000_build/B/jrc_tmf_2020_2023_congo_drc_02_stable_002048_004608.png,/private/tmp/JRC_TMF_256_5000_build/label/jrc_tmf_2020_2023_congo_drc_02_stable_002048_004608.png,,,,,,
jrc_tmf_2020_2023_se_asia_borneo_02_stable_003328_005632,jrc_tmf_2020_2023_se_asia_borneo_02_stable_003328_005632.png,jrc_tmf_2020_2023_se_asia_borneo_02_stable,train,0.05301580152385242,/private/tmp/JRC_TMF_256_5000_build/A/jrc_tmf_2020_2023_se_asia_borneo_02_stable_003328_005632.png,/private/tmp/JRC_TMF_256_5000_build/B/jrc_tmf_2020_2023_se_asia_borneo_02_stable_003328_005632.png,/private/tmp/JRC_TMF_256_5000_build/label/jrc_tmf_2020_2023_se_asia_borneo_02_stable_003328_005632.png,,,,,,
jrc_tmf_2020_2023_amazon_brazil_01_000512_006144,jrc_tmf_2020_2023_amazon_brazil_01_000512_006144.png,jrc_tmf_2020_2023_amazon_brazil_01,test,0.13039503191305848,/private/tmp/JRC_TMF_256_5000_build/A/jrc_tmf_2020_2023_amazon_brazil_01_000512_006144.png,/private/tmp/JRC_TMF_256_5000_build/B/jrc_tmf_2020_2023_amazon_brazil_01_000512_006144.png,/private/tmp/JRC_TMF_256_5000_build/label/jrc_tmf_2020_2023_amazon_brazil_01_000512_006144.png,,,,,,
jrc_tmf_2020_2023_congo_gabon_01_007168_003328,jrc_tmf_2020_2023_congo_gabon_01_007168_003328.png,jrc_tmf_2020_2023_congo_gabon_01,train,0.024276262010888845,/private/tmp/JRC_TMF_256_5000_build/A/jrc_tmf_2020_2023_congo_gabon_01_007168_003328.png,/private/tmp/JRC_TMF_256_5000_build/B/jrc_tmf_2020_2023_congo_gabon_01_007168_003328.png,/private/tmp/JRC_TMF_256_5000_build/label/jrc_tmf_2020_2023_congo_gabon_01_007168_003328.png,,,,,,
jrc_tmf_2020_2023_amazon_colombia_02_stable_006144_001536,jrc_tmf_2020_2023_amazon_colombia_02_stable_006144_001536.png,jrc_tmf_2020_2023_amazon_colombia_02_stable,train,0.010230420548980105,/private/tmp/JRC_TMF_256_5000_build/A/jrc_tmf_2020_2023_amazon_colombia_02_stable_006144_001536.png,/private/tmp/JRC_TMF_256_5000_build/B/jrc_tmf_2020_2023_amazon_colombia_02_stable_006144_001536.png,/private/tmp/JRC_TMF_256_5000_build/label/jrc_tmf_2020_2023_amazon_colombia_02_stable_006144_001536.png,,,,,,
jrc_tmf_2020_2023_amazon_peru_01_006656_006912,jrc_tmf_2020_2023_amazon_peru_01_006656_006912.png,jrc_tmf_2020_2023_amazon_peru_01,train,0.0,/private/tmp/JRC_TMF_256_5000_build/A/jrc_tmf_2020_2023_amazon_peru_01_006656_006912.png,/private/tmp/JRC_TMF_256_5000_build/B/jrc_tmf_2020_2023_amazon_peru_01_006656_006912.png,/private/tmp/JRC_TMF_256_5000_build/label/jrc_tmf_2020_2023_amazon_peru_01_006656_006912.png,,,,,,
jrc_tmf_2020_2023_congo_roc_01_stable_001792_005120,jrc_tmf_2020_2023_congo_roc_01_stable_001792_005120.png,jrc_tmf_2020_2023_congo_roc_01_stable,train,0.003517422748191979,/private/tmp/JRC_TMF_256_5000_build/A/jrc_tmf_2020_2023_congo_roc_01_stable_001792_005120.png,/private/tmp/JRC_TMF_256_5000_build/B/jrc_tmf_2020_2023_congo_roc_01_stable_001792_005120.png,/private/tmp/JRC_TMF_256_5000_build/label/jrc_tmf_2020_2023_congo_roc_01_stable_001792_005120.png,,,,,,
jrc_tmf_2020_2023_amazon_brazil_02_stable_005120_005632,jrc_tmf_2020_2023_amazon_brazil_02_stable_005120_005632.png,jrc_tmf_2020_2023_amazon_brazil_02_stable,train,0.02370177437734006,/private/tmp/JRC_TMF_256_5000_build/A/jrc_tmf_2020_2023_amazon_brazil_02_stable_005120_005632.png,/private/tmp/JRC_TMF_256_5000_build/B/jrc_tmf_2020_2023_amazon_brazil_02_stable_005120_005632.png,/private/tmp/JRC_TMF_256_5000_build/label/jrc_tmf_2020_2023_amazon_brazil_02_stable_005120_005632.png,,,,,,
jrc_tmf_2020_2023_amazon_bolivia_01_001280_001536,jrc_tmf_2020_2023_amazon_bolivia_01_001280_001536.png,jrc_tmf_2020_2023_amazon_bolivia_01,train,0.04655479655479655,/private/tmp/JRC_TMF_256_5000_build/A/jrc_tmf_2020_2023_amazon_bolivia_01_001280_001536.png,/private/tmp/JRC_TMF_256_5000_build/B/jrc_tmf_2020_2023_amazon_bolivia_01_001280_001536.png,/private/tmp/JRC_TMF_256_5000_build/label/jrc_tmf_2020_2023_amazon_bolivia_01_001280_001536.png,,,,,,
jrc_tmf_2020_2023_se_asia_sumatra_01_004864_005376,jrc_tmf_2020_2023_se_asia_sumatra_01_004864_005376.png,jrc_tmf_2020_2023_se_asia_sumatra_01,val,0.00920025063805725,/private/tmp/JRC_TMF_256_5000_build/A/jrc_tmf_2020_2023_se_asia_sumatra_01_004864_005376.png,/private/tmp/JRC_TMF_256_5000_build/B/jrc_tmf_2020_2023_se_asia_sumatra_01_004864_005376.png,/private/tmp/JRC_TMF_256_5000_build/label/jrc_tmf_2020_2023_se_asia_sumatra_01_004864_005376.png,,,,,,
jrc_tmf_2020_2023_congo_cameroon_01_003584_002560,jrc_tmf_2020_2023_congo_cameroon_01_003584_002560.png,jrc_tmf_2020_2023_congo_cameroon_01,train,0.0,/private/tmp/JRC_TMF_256_5000_build/A/jrc_tmf_2020_2023_congo_cameroon_01_003584_002560.png,/private/tmp/JRC_TMF_256_5000_build/B/jrc_tmf_2020_2023_congo_cameroon_01_003584_002560.png,/private/tmp/JRC_TMF_256_5000_build/label/jrc_tmf_2020_2023_congo_cameroon_01_003584_002560.png,,,,,,
jrc_tmf_2020_2023_se_asia_sumatra_01_004608_000000,jrc_tmf_2020_2023_se_asia_sumatra_01_004608_000000.png,jrc_tmf_2020_2023_se_asia_sumatra_01,train,0.05044422140440876,/private/tmp/JRC_TMF_256_5000_build/A/jrc_tmf_2020_2023_se_asia_sumatra_01_004608_000000.png,/private/tmp/JRC_TMF_256_5000_build/B/jrc_tmf_2020_2023_se_asia_sumatra_01_004608_000000.png,/private/tmp/JRC_TMF_256_5000_build/label/jrc_tmf_2020_2023_se_asia_sumatra_01_004608_000000.png,,,,,,
jrc_tmf_2020_2023_se_asia_borneo_02_stable_005888_004352,jrc_tmf_2020_2023_se_asia_borneo_02_stable_005888_004352.png,jrc_tmf_2020_2023_se_asia_borneo_02_stable,train,0.01201221021367874,/private/tmp/JRC_TMF_256_5000_build/A/jrc_tmf_2020_2023_se_asia_borneo_02_stable_005888_004352.png,/private/tmp/JRC_TMF_256_5000_build/B/jrc_tmf_2020_2023_se_asia_borneo_02_stable_005888_004352.png,/private/tmp/JRC_TMF_256_5000_build/label/jrc_tmf_2020_2023_se_asia_borneo_02_stable_005888_004352.png,,,,,,
jrc_tmf_2020_2023_amazon_peru_01_003584_000256,jrc_tmf_2020_2023_amazon_peru_01_003584_000256.png,jrc_tmf_2020_2023_amazon_peru_01,train,0.006467928576902445,/private/tmp/JRC_TMF_256_5000_build/A/jrc_tmf_2020_2023_amazon_peru_01_003584_000256.png,/private/tmp/JRC_TMF_256_5000_build/B/jrc_tmf_2020_2023_amazon_peru_01_003584_000256.png,/private/tmp/JRC_TMF_256_5000_build/label/jrc_tmf_2020_2023_amazon_peru_01_003584_000256.png,,,,,,
jrc_tmf_2020_2023_congo_cameroon_01_000000_000000,jrc_tmf_2020_2023_congo_cameroon_01_000000_000000.png,jrc_tmf_2020_2023_congo_cameroon_01,train,0.05143680596761888,/private/tmp/JRC_TMF_256_5000_build/A/jrc_tmf_2020_2023_congo_cameroon_01_000000_000000.png,/private/tmp/JRC_TMF_256_5000_build/B/jrc_tmf_2020_2023_congo_cameroon_01_000000_000000.png,/private/tmp/JRC_TMF_256_5000_build/label/jrc_tmf_2020_2023_congo_cameroon_01_000000_000000.png,,,,,,
jrc_tmf_2020_2023_congo_drc_02_stable_002560_002816,jrc_tmf_2020_2023_congo_drc_02_stable_002560_002816.png,jrc_tmf_2020_2023_congo_drc_02_stable,train,0.0,/private/tmp/JRC_TMF_256_5000_build/A/jrc_tmf_2020_2023_congo_drc_02_stable_002560_002816.png,/private/tmp/JRC_TMF_256_5000_build/B/jrc_tmf_2020_2023_congo_drc_02_stable_002560_002816.png,/private/tmp/JRC_TMF_256_5000_build/label/jrc_tmf_2020_2023_congo_drc_02_stable_002560_002816.png,,,,,,
jrc_tmf_2020_2023_congo_drc_01_004864_001280,jrc_tmf_2020_2023_congo_drc_01_004864_001280.png,jrc_tmf_2020_2023_congo_drc_01,train,0.07473468755912555,/private/tmp/JRC_TMF_256_5000_build/A/jrc_tmf_2020_2023_congo_drc_01_004864_001280.png,/private/tmp/JRC_TMF_256_5000_build/B/jrc_tmf_2020_2023_congo_drc_01_004864_001280.png,/private/tmp/JRC_TMF_256_5000_build/label/jrc_tmf_2020_2023_congo_drc_01_004864_001280.png,,,,,,
jrc_tmf_2020_2023_congo_gabon_01_002560_003328,jrc_tmf_2020_2023_congo_gabon_01_002560_003328.png,jrc_tmf_2020_2023_congo_gabon_01,train,0.002380407415884642,/private/tmp/JRC_TMF_256_5000_build/A/jrc_tmf_2020_2023_congo_gabon_01_002560_003328.png,/private/tmp/JRC_TMF_256_5000_build/B/jrc_tmf_2020_2023_congo_gabon_01_002560_003328.png,/private/tmp/JRC_TMF_256_5000_build/label/jrc_tmf_2020_2023_congo_gabon_01_002560_003328.png,,,,,,
jrc_tmf_2020_2023_amazon_brazil_02_stable_006400_002304,jrc_tmf_2020_2023_amazon_brazil_02_stable_006400_002304.png,jrc_tmf_2020_2023_amazon_brazil_02_stable,test,0.007854975088043885,/private/tmp/JRC_TMF_256_5000_build/A/jrc_tmf_2020_2023_amazon_brazil_02_stable_006400_002304.png,/private/tmp/JRC_TMF_256_5000_build/B/jrc_tmf_2020_2023_amazon_brazil_02_stable_006400_002304.png,/private/tmp/JRC_TMF_256_5000_build/label/jrc_tmf_2020_2023_amazon_brazil_02_stable_006400_002304.png,,,,,,
jrc_tmf_2020_2023_se_asia_sumatra_02_stable_002816_003328,jrc_tmf_2020_2023_se_asia_sumatra_02_stable_002816_003328.png,jrc_tmf_2020_2023_se_asia_sumatra_02_stable,train,0.0040341206540818525,/private/tmp/JRC_TMF_256_5000_build/A/jrc_tmf_2020_2023_se_asia_sumatra_02_stable_002816_003328.png,/private/tmp/JRC_TMF_256_5000_build/B/jrc_tmf_2020_2023_se_asia_sumatra_02_stable_002816_003328.png,/private/tmp/JRC_TMF_256_5000_build/label/jrc_tmf_2020_2023_se_asia_sumatra_02_stable_002816_003328.png,,,,,,
jrc_tmf_2020_2023_amazon_bolivia_01_006144_001280,jrc_tmf_2020_2023_amazon_bolivia_01_006144_001280.png,jrc_tmf_2020_2023_amazon_bolivia_01,train,0.004528085915801168,/private/tmp/JRC_TMF_256_5000_build/A/jrc_tmf_2020_2023_amazon_bolivia_01_006144_001280.png,/private/tmp/JRC_TMF_256_5000_build/B/jrc_tmf_2020_2023_amazon_bolivia_01_006144_001280.png,/private/tmp/JRC_TMF_256_5000_build/label/jrc_tmf_2020_2023_amazon_bolivia_01_006144_001280.png,,,,,,
jrc_tmf_2020_2023_congo_drc_01_002304_002816,jrc_tmf_2020_2023_congo_drc_01_002304_002816.png,jrc_tmf_2020_2023_congo_drc_01,train,0.002018842530282638,/private/tmp/JRC_TMF_256_5000_build/A/jrc_tmf_2020_2023_congo_drc_01_002304_002816.png,/private/tmp/JRC_TMF_256_5000_build/B/jrc_tmf_2020_2023_congo_drc_01_002304_002816.png,/private/tmp/JRC_TMF_256_5000_build/label/jrc_tmf_2020_2023_congo_drc_01_002304_002816.png,,,,,,
jrc_tmf_2020_2023_amazon_peru_02_stable_004608_006144,jrc_tmf_2020_2023_amazon_peru_02_stable_004608_006144.png,jrc_tmf_2020_2023_amazon_peru_02_stable,train,0.01484775915155662,/private/tmp/JRC_TMF_256_5000_build/A/jrc_tmf_2020_2023_amazon_peru_02_stable_004608_006144.png,/private/tmp/JRC_TMF_256_5000_build/B/jrc_tmf_2020_2023_amazon_peru_02_stable_004608_006144.png,/private/tmp/JRC_TMF_256_5000_build/label/jrc_tmf_2020_2023_amazon_peru_02_stable_004608_006144.png,,,,,,
jrc_tmf_2020_2023_se_asia_sumatra_02_stable_004608_001792,jrc_tmf_2020_2023_se_asia_sumatra_02_stable_004608_001792.png,jrc_tmf_2020_2023_se_asia_sumatra_02_stable,train,0.0,/private/tmp/JRC_TMF_256_5000_build/A/jrc_tmf_2020_2023_se_asia_sumatra_02_stable_004608_001792.png,/private/tmp/JRC_TMF_256_5000_build/B/jrc_tmf_2020_2023_se_asia_sumatra_02_stable_004608_001792.png,/private/tmp/JRC_TMF_256_5000_build/label/jrc_tmf_2020_2023_se_asia_sumatra_02_stable_004608_001792.png,,,,,,
jrc_tmf_2020_2023_se_asia_sumatra_01_005376_000512,jrc_tmf_2020_2023_se_asia_sumatra_01_005376_000512.png,jrc_tmf_2020_2023_se_asia_sumatra_01,train,0.012767017500155695,/private/tmp/JRC_TMF_256_5000_build/A/jrc_tmf_2020_2023_se_asia_sumatra_01_005376_000512.png,/private/tmp/JRC_TMF_256_5000_build/B/jrc_tmf_2020_2023_se_asia_sumatra_01_005376_000512.png,/private/tmp/JRC_TMF_256_5000_build/label/jrc_tmf_2020_2023_se_asia_sumatra_01_005376_000512.png,,,,,,
jrc_tmf_2020_2023_se_asia_sumatra_01_006144_006400,jrc_tmf_2020_2023_se_asia_sumatra_01_006144_006400.png,jrc_tmf_2020_2023_se_asia_sumatra_01,train,0.19649272747416235,/private/tmp/JRC_TMF_256_5000_build/A/jrc_tmf_2020_2023_se_asia_sumatra_01_006144_006400.png,/private/tmp/JRC_TMF_256_5000_build/B/jrc_tmf_2020_2023_se_asia_sumatra_01_006144_006400.png,/private/tmp/JRC_TMF_256_5000_build/label/jrc_tmf_2020_2023_se_asia_sumatra_01_006144_006400.png,,,,,,
jrc_tmf_2020_2023_se_asia_sumatra_02_stable_003584_000512,jrc_tmf_2020_2023_se_asia_sumatra_02_stable_003584_000512.png,jrc_tmf_2020_2023_se_asia_sumatra_02_stable,train,0.05099835768000691,/private/tmp/JRC_TMF_256_5000_build/A/jrc_tmf_2020_2023_se_asia_sumatra_02_stable_003584_000512.png,/private/tmp/JRC_TMF_256_5000_build/B/jrc_tmf_2020_2023_se_asia_sumatra_02_stable_003584_000512.png,/private/tmp/JRC_TMF_256_5000_build/label/jrc_tmf_2020_2023_se_asia_sumatra_02_stable_003584_000512.png,,,,,,
jrc_tmf_2020_2023_amazon_bolivia_01_002048_005120,jrc_tmf_2020_2023_amazon_bolivia_01_002048_005120.png,jrc_tmf_2020_2023_amazon_bolivia_01,train,0.0,/private/tmp/JRC_TMF_256_5000_build/A/jrc_tmf_2020_2023_amazon_bolivia_01_002048_005120.png,/private/tmp/JRC_TMF_256_5000_build/B/jrc_tmf_2020_2023_amazon_bolivia_01_002048_005120.png,/private/tmp/JRC_TMF_256_5000_build/label/jrc_tmf_2020_2023_amazon_bolivia_01_002048_005120.png,,,,,,
jrc_tmf_2020_2023_se_asia_borneo_01_006144_002816,jrc_tmf_2020_2023_se_asia_borneo_01_006144_002816.png,jrc_tmf_2020_2023_se_asia_borneo_01,train,0.006452628265659427,/private/tmp/JRC_TMF_256_5000_build/A/jrc_tmf_2020_2023_se_asia_borneo_01_006144_002816.png,/private/tmp/JRC_TMF_256_5000_build/B/jrc_tmf_2020_2023_se_asia_borneo_01_006144_002816.png,/private/tmp/JRC_TMF_256_5000_build/label/jrc_tmf_2020_2023_se_asia_borneo_01_006144_002816.png,,,,,,
jrc_tmf_2020_2023_amazon_brazil_02_stable_001536_000000,jrc_tmf_2020_2023_amazon_brazil_02_stable_001536_000000.png,jrc_tmf_2020_2023_amazon_brazil_02_stable,train,0.05105584541698899,/private/tmp/JRC_TMF_256_5000_build/A/jrc_tmf_2020_2023_amazon_brazil_02_stable_001536_000000.png,/private/tmp/JRC_TMF_256_5000_build/B/jrc_tmf_2020_2023_amazon_brazil_02_stable_001536_000000.png,/private/tmp/JRC_TMF_256_5000_build/label/jrc_tmf_2020_2023_amazon_brazil_02_stable_001536_000000.png,,,,,,
jrc_tmf_2020_2023_amazon_brazil_02_stable_006144_004864,jrc_tmf_2020_2023_amazon_brazil_02_stable_006144_004864.png,jrc_tmf_2020_2023_amazon_brazil_02_stable,train,0.18473402426445307,/private/tmp/JRC_TMF_256_5000_build/A/jrc_tmf_2020_2023_amazon_brazil_02_stable_006144_004864.png,/private/tmp/JRC_TMF_256_5000_build/B/jrc_tmf_2020_2023_amazon_brazil_02_stable_006144_004864.png,/private/tmp/JRC_TMF_256_5000_build/label/jrc_tmf_2020_2023_amazon_brazil_02_stable_006144_004864.png,,,,,,
jrc_tmf_2020_2023_amazon_colombia_01_001280_006144,jrc_tmf_2020_2023_amazon_colombia_01_001280_006144.png,jrc_tmf_2020_2023_amazon_colombia_01,train,0.003093039883117287,/private/tmp/JRC_TMF_256_5000_build/A/jrc_tmf_2020_2023_amazon_colombia_01_001280_006144.png,/private/tmp/JRC_TMF_256_5000_build/B/jrc_tmf_2020_2023_amazon_colombia_01_001280_006144.png,/private/tmp/JRC_TMF_256_5000_build/label/jrc_tmf_2020_2023_amazon_colombia_01_001280_006144.png,,,,,,
jrc_tmf_2020_2023_amazon_peru_01_007168_001536,jrc_tmf_2020_2023_amazon_peru_01_007168_001536.png,jrc_tmf_2020_2023_amazon_peru_01,test,0.03776953715149018,/private/tmp/JRC_TMF_256_5000_build/A/jrc_tmf_2020_2023_amazon_peru_01_007168_001536.png,/private/tmp/JRC_TMF_256_5000_build/B/jrc_tmf_2020_2023_amazon_peru_01_007168_001536.png,/private/tmp/JRC_TMF_256_5000_build/label/jrc_tmf_2020_2023_amazon_peru_01_007168_001536.png,,,,,,
jrc_tmf_2020_2023_amazon_peru_02_stable_004864_005376,jrc_tmf_2020_2023_amazon_peru_02_stable_004864_005376.png,jrc_tmf_2020_2023_amazon_peru_02_stable,train,0.0032913589546250963,/private/tmp/JRC_TMF_256_5000_build/A/jrc_tmf_2020_2023_amazon_peru_02_stable_004864_005376.png,/private/tmp/JRC_TMF_256_5000_build/B/jrc_tmf_2020_2023_amazon_peru_02_stable_004864_005376.png,/private/tmp/JRC_TMF_256_5000_build/label/jrc_tmf_2020_2023_amazon_peru_02_stable_004864_005376.png,,,,,,
jrc_tmf_2020_2023_congo_cameroon_01_007168_004096,jrc_tmf_2020_2023_congo_cameroon_01_007168_004096.png,jrc_tmf_2020_2023_congo_cameroon_01,train,0.02394063528305688,/private/tmp/JRC_TMF_256_5000_build/A/jrc_tmf_2020_2023_congo_cameroon_01_007168_004096.png,/private/tmp/JRC_TMF_256_5000_build/B/jrc_tmf_2020_2023_congo_cameroon_01_007168_004096.png,/private/tmp/JRC_TMF_256_5000_build/label/jrc_tmf_2020_2023_congo_cameroon_01_007168_004096.png,,,,,,
jrc_tmf_2020_2023_amazon_bolivia_01_002048_001536,jrc_tmf_2020_2023_amazon_bolivia_01_002048_001536.png,jrc_tmf_2020_2023_amazon_bolivia_01,train,0.16979741041669866,/private/tmp/JRC_TMF_256_5000_build/A/jrc_tmf_2020_2023_amazon_bolivia_01_002048_001536.png,/private/tmp/JRC_TMF_256_5000_build/B/jrc_tmf_2020_2023_amazon_bolivia_01_002048_001536.png,/private/tmp/JRC_TMF_256_5000_build/label/jrc_tmf_2020_2023_amazon_bolivia_01_002048_001536.png,,,,,,
jrc_tmf_2020_2023_amazon_colombia_01_000256_000000,jrc_tmf_2020_2023_amazon_colombia_01_000256_000000.png,jrc_tmf_2020_2023_amazon_colombia_01,train,0.1110486771127665,/private/tmp/JRC_TMF_256_5000_build/A/jrc_tmf_2020_2023_amazon_colombia_01_000256_000000.png,/private/tmp/JRC_TMF_256_5000_build/B/jrc_tmf_2020_2023_amazon_colombia_01_000256_000000.png,/private/tmp/JRC_TMF_256_5000_build/label/jrc_tmf_2020_2023_amazon_colombia_01_000256_000000.png,,,,,,
jrc_tmf_2020_2023_congo_gabon_01_001024_006144,jrc_tmf_2020_2023_congo_gabon_01_001024_006144.png,jrc_tmf_2020_2023_congo_gabon_01,train,0.0,/private/tmp/JRC_TMF_256_5000_build/A/jrc_tmf_2020_2023_congo_gabon_01_001024_006144.png,/private/tmp/JRC_TMF_256_5000_build/B/jrc_tmf_2020_2023_congo_gabon_01_001024_006144.png,/private/tmp/JRC_TMF_256_5000_build/label/jrc_tmf_2020_2023_congo_gabon_01_001024_006144.png,,,,,,
jrc_tmf_2020_2023_amazon_colombia_01_005632_006400,jrc_tmf_2020_2023_amazon_colombia_01_005632_006400.png,jrc_tmf_2020_2023_amazon_colombia_01,train,0.0,/private/tmp/JRC_TMF_256_5000_build/A/jrc_tmf_2020_2023_amazon_colombia_01_005632_006400.png,/private/tmp/JRC_TMF_256_5000_build/B/jrc_tmf_2020_2023_amazon_colombia_01_005632_006400.png,/private/tmp/JRC_TMF_256_5000_build/label/jrc_tmf_2020_2023_amazon_colombia_01_005632_006400.png,,,,,,
jrc_tmf_2020_2023_congo_cameroon_01_001024_000512,jrc_tmf_2020_2023_congo_cameroon_01_001024_000512.png,jrc_tmf_2020_2023_congo_cameroon_01,train,0.006135438660913737,/private/tmp/JRC_TMF_256_5000_build/A/jrc_tmf_2020_2023_congo_cameroon_01_001024_000512.png,/private/tmp/JRC_TMF_256_5000_build/B/jrc_tmf_2020_2023_congo_cameroon_01_001024_000512.png,/private/tmp/JRC_TMF_256_5000_build/label/jrc_tmf_2020_2023_congo_cameroon_01_001024_000512.png,,,,,,
jrc_tmf_2020_2023_amazon_brazil_01_001792_006400,jrc_tmf_2020_2023_amazon_brazil_01_001792_006400.png,jrc_tmf_2020_2023_amazon_brazil_01,train,0.2018462747152023,/private/tmp/JRC_TMF_256_5000_build/A/jrc_tmf_2020_2023_amazon_brazil_01_001792_006400.png,/private/tmp/JRC_TMF_256_5000_build/B/jrc_tmf_2020_2023_amazon_brazil_01_001792_006400.png,/private/tmp/JRC_TMF_256_5000_build/label/jrc_tmf_2020_2023_amazon_brazil_01_001792_006400.png,,,,,,
jrc_tmf_2020_2023_amazon_brazil_01_000000_004352,jrc_tmf_2020_2023_amazon_brazil_01_000000_004352.png,jrc_tmf_2020_2023_amazon_brazil_01,test,0.0237385961645876,/private/tmp/JRC_TMF_256_5000_build/A/jrc_tmf_2020_2023_amazon_brazil_01_000000_004352.png,/private/tmp/JRC_TMF_256_5000_build/B/jrc_tmf_2020_2023_amazon_brazil_01_000000_004352.png,/private/tmp/JRC_TMF_256_5000_build/label/jrc_tmf_2020_2023_amazon_brazil_01_000000_004352.png,,,,,,
jrc_tmf_2020_2023_se_asia_borneo_02_stable_006400_001280,jrc_tmf_2020_2023_se_asia_borneo_02_stable_006400_001280.png,jrc_tmf_2020_2023_se_asia_borneo_02_stable,val,0.0,/private/tmp/JRC_TMF_256_5000_build/A/jrc_tmf_2020_2023_se_asia_borneo_02_stable_006400_001280.png,/private/tmp/JRC_TMF_256_5000_build/B/jrc_tmf_2020_2023_se_asia_borneo_02_stable_006400_001280.png,/private/tmp/JRC_TMF_256_5000_build/label/jrc_tmf_2020_2023_se_asia_borneo_02_stable_006400_001280.png,,,,,,
jrc_tmf_2020_2023_se_asia_sumatra_02_stable_004352_002048,jrc_tmf_2020_2023_se_asia_sumatra_02_stable_004352_002048.png,jrc_tmf_2020_2023_se_asia_sumatra_02_stable,test,0.027321008157976383,/private/tmp/JRC_TMF_256_5000_build/A/jrc_tmf_2020_2023_se_asia_sumatra_02_stable_004352_002048.png,/private/tmp/JRC_TMF_256_5000_build/B/jrc_tmf_2020_2023_se_asia_sumatra_02_stable_004352_002048.png,/private/tmp/JRC_TMF_256_5000_build/label/jrc_tmf_2020_2023_se_asia_sumatra_02_stable_004352_002048.png,,,,,,
jrc_tmf_2020_2023_se_asia_borneo_02_stable_004096_004864,jrc_tmf_2020_2023_se_asia_borneo_02_stable_004096_004864.png,jrc_tmf_2020_2023_se_asia_borneo_02_stable,train,0.008145686063386545,/private/tmp/JRC_TMF_256_5000_build/A/jrc_tmf_2020_2023_se_asia_borneo_02_stable_004096_004864.png,/private/tmp/JRC_TMF_256_5000_build/B/jrc_tmf_2020_2023_se_asia_borneo_02_stable_004096_004864.png,/private/tmp/JRC_TMF_256_5000_build/label/jrc_tmf_2020_2023_se_asia_borneo_02_stable_004096_004864.png,,,,,,
jrc_tmf_2020_2023_congo_drc_02_stable_005888_004608,jrc_tmf_2020_2023_congo_drc_02_stable_005888_004608.png,jrc_tmf_2020_2023_congo_drc_02_stable,train,0.004865171815768068,/private/tmp/JRC_TMF_256_5000_build/A/jrc_tmf_2020_2023_congo_drc_02_stable_005888_004608.png,/private/tmp/JRC_TMF_256_5000_build/B/jrc_tmf_2020_2023_congo_drc_02_stable_005888_004608.png,/private/tmp/JRC_TMF_256_5000_build/label/jrc_tmf_2020_2023_congo_drc_02_stable_005888_004608.png,,,,,,
jrc_tmf_2020_2023_congo_drc_01_000512_002560,jrc_tmf_2020_2023_congo_drc_01_000512_002560.png,jrc_tmf_2020_2023_congo_drc_01,train,0.012745569286589242,/private/tmp/JRC_TMF_256_5000_build/A/jrc_tmf_2020_2023_congo_drc_01_000512_002560.png,/private/tmp/JRC_TMF_256_5000_build/B/jrc_tmf_2020_2023_congo_drc_01_000512_002560.png,/private/tmp/JRC_TMF_256_5000_build/label/jrc_tmf_2020_2023_congo_drc_01_000512_002560.png,,,,,,
jrc_tmf_2020_2023_amazon_colombia_01_003584_006912,jrc_tmf_2020_2023_amazon_colombia_01_003584_006912.png,jrc_tmf_2020_2023_amazon_colombia_01,train,0.011679818907787593,/private/tmp/JRC_TMF_256_5000_build/A/jrc_tmf_2020_2023_amazon_colombia_01_003584_006912.png,/private/tmp/JRC_TMF_256_5000_build/B/jrc_tmf_2020_2023_amazon_colombia_01_003584_006912.png,/private/tmp/JRC_TMF_256_5000_build/label/jrc_tmf_2020_2023_amazon_colombia_01_003584_006912.png,,,,,,
jrc_tmf_2020_2023_se_asia_papua_01_stable_003328_005888,jrc_tmf_2020_2023_se_asia_papua_01_stable_003328_005888.png,jrc_tmf_2020_2023_se_asia_papua_01_stable,val,0.0,/private/tmp/JRC_TMF_256_5000_build/A/jrc_tmf_2020_2023_se_asia_papua_01_stable_003328_005888.png,/private/tmp/JRC_TMF_256_5000_build/B/jrc_tmf_2020_2023_se_asia_papua_01_stable_003328_005888.png,/private/tmp/JRC_TMF_256_5000_build/label/jrc_tmf_2020_2023_se_asia_papua_01_stable_003328_005888.png,,,,,,
jrc_tmf_2020_2023_se_asia_borneo_01_004864_006144,jrc_tmf_2020_2023_se_asia_borneo_01_004864_006144.png,jrc_tmf_2020_2023_se_asia_borneo_01,train,0.061914109078901505,/private/tmp/JRC_TMF_256_5000_build/A/jrc_tmf_2020_2023_se_asia_borneo_01_004864_006144.png,/private/tmp/JRC_TMF_256_5000_build/B/jrc_tmf_2020_2023_se_asia_borneo_01_004864_006144.png,/private/tmp/JRC_TMF_256_5000_build/label/jrc_tmf_2020_2023_se_asia_borneo_01_004864_006144.png,,,,,,
jrc_tmf_2020_2023_amazon_peru_02_stable_006656_000000,jrc_tmf_2020_2023_amazon_peru_02_stable_006656_000000.png,jrc_tmf_2020_2023_amazon_peru_02_stable,test,0.0,/private/tmp/JRC_TMF_256_5000_build/A/jrc_tmf_2020_2023_amazon_peru_02_stable_006656_000000.png,/private/tmp/JRC_TMF_256_5000_build/B/jrc_tmf_2020_2023_amazon_peru_02_stable_006656_000000.png,/private/tmp/JRC_TMF_256_5000_build/label/jrc_tmf_2020_2023_amazon_peru_02_stable_006656_000000.png,,,,,,
jrc_tmf_2020_2023_se_asia_borneo_01_001792_003584,jrc_tmf_2020_2023_se_asia_borneo_01_001792_003584.png,jrc_tmf_2020_2023_se_asia_borneo_01,train,0.0,/private/tmp/JRC_TMF_256_5000_build/A/jrc_tmf_2020_2023_se_asia_borneo_01_001792_003584.png,/private/tmp/JRC_TMF_256_5000_build/B/jrc_tmf_2020_2023_se_asia_borneo_01_001792_003584.png,/private/tmp/JRC_TMF_256_5000_build/label/jrc_tmf_2020_2023_se_asia_borneo_01_001792_003584.png,,,,,,
jrc_tmf_2020_2023_amazon_peru_01_007168_001280,jrc_tmf_2020_2023_amazon_peru_01_007168_001280.png,jrc_tmf_2020_2023_amazon_peru_01,test,0.09257813098136494,/private/tmp/JRC_TMF_256_5000_build/A/jrc_tmf_2020_2023_amazon_peru_01_007168_001280.png,/private/tmp/JRC_TMF_256_5000_build/B/jrc_tmf_2020_2023_amazon_peru_01_007168_001280.png,/private/tmp/JRC_TMF_256_5000_build/label/jrc_tmf_2020_2023_amazon_peru_01_007168_001280.png,,,,,,
jrc_tmf_2020_2023_congo_gabon_02_stable_006144_001280,jrc_tmf_2020_2023_congo_gabon_02_stable_006144_001280.png,jrc_tmf_2020_2023_congo_gabon_02_stable,test,0.0,/private/tmp/JRC_TMF_256_5000_build/A/jrc_tmf_2020_2023_congo_gabon_02_stable_006144_001280.png,/private/tmp/JRC_TMF_256_5000_build/B/jrc_tmf_2020_2023_congo_gabon_02_stable_006144_001280.png,/private/tmp/JRC_TMF_256_5000_build/label/jrc_tmf_2020_2023_congo_gabon_02_stable_006144_001280.png,,,,,,
jrc_tmf_2020_2023_congo_roc_01_stable_003328_004608,jrc_tmf_2020_2023_congo_roc_01_stable_003328_004608.png,jrc_tmf_2020_2023_congo_roc_01_stable,train,0.0,/private/tmp/JRC_TMF_256_5000_build/A/jrc_tmf_2020_2023_congo_roc_01_stable_003328_004608.png,/private/tmp/JRC_TMF_256_5000_build/B/jrc_tmf_2020_2023_congo_roc_01_stable_003328_004608.png,/private/tmp/JRC_TMF_256_5000_build/label/jrc_tmf_2020_2023_congo_roc_01_stable_003328_004608.png,,,,,,
jrc_tmf_2020_2023_se_asia_papua_01_stable_003072_002048,jrc_tmf_2020_2023_se_asia_papua_01_stable_003072_002048.png,jrc_tmf_2020_2023_se_asia_papua_01_stable,train,0.004867818819171246,/private/tmp/JRC_TMF_256_5000_build/A/jrc_tmf_2020_2023_se_asia_papua_01_stable_003072_002048.png,/private/tmp/JRC_TMF_256_5000_build/B/jrc_tmf_2020_2023_se_asia_papua_01_stable_003072_002048.png,/private/tmp/JRC_TMF_256_5000_build/label/jrc_tmf_2020_2023_se_asia_papua_01_stable_003072_002048.png,,,,,,
jrc_tmf_2020_2023_amazon_colombia_02_stable_001280_003328,jrc_tmf_2020_2023_amazon_colombia_02_stable_001280_003328.png,jrc_tmf_2020_2023_amazon_colombia_02_stable,train,0.002946699848848039,/private/tmp/JRC_TMF_256_5000_build/A/jrc_tmf_2020_2023_amazon_colombia_02_stable_001280_003328.png,/private/tmp/JRC_TMF_256_5000_build/B/jrc_tmf_2020_2023_amazon_colombia_02_stable_001280_003328.png,/private/tmp/JRC_TMF_256_5000_build/label/jrc_tmf_2020_2023_amazon_colombia_02_stable_001280_003328.png,,,,,,
jrc_tmf_2020_2023_amazon_colombia_02_stable_002816_004096,jrc_tmf_2020_2023_amazon_colombia_02_stable_002816_004096.png,jrc_tmf_2020_2023_amazon_colombia_02_stable,train,0.0,/private/tmp/JRC_TMF_256_5000_build/A/jrc_tmf_2020_2023_amazon_colombia_02_stable_002816_004096.png,/private/tmp/JRC_TMF_256_5000_build/B/jrc_tmf_2020_2023_amazon_colombia_02_stable_002816_004096.png,/private/tmp/JRC_TMF_256_5000_build/label/jrc_tmf_2020_2023_amazon_colombia_02_stable_002816_004096.png,,,,,,
jrc_tmf_2020_2023_congo_drc_01_005632_006400,jrc_tmf_2020_2023_congo_drc_01_005632_006400.png,jrc_tmf_2020_2023_congo_drc_01,train,0.0,/private/tmp/JRC_TMF_256_5000_build/A/jrc_tmf_2020_2023_congo_drc_01_005632_006400.png,/private/tmp/JRC_TMF_256_5000_build/B/jrc_tmf_2020_2023_congo_drc_01_005632_006400.png,/private/tmp/JRC_TMF_256_5000_build/label/jrc_tmf_2020_2023_congo_drc_01_005632_006400.png,,,,,,
jrc_tmf_2020_2023_congo_roc_01_stable_002048_000512,jrc_tmf_2020_2023_congo_roc_01_stable_002048_000512.png,jrc_tmf_2020_2023_congo_roc_01_stable,train,0.02810711833371481,/private/tmp/JRC_TMF_256_5000_build/A/jrc_tmf_2020_2023_congo_roc_01_stable_002048_000512.png,/private/tmp/JRC_TMF_256_5000_build/B/jrc_tmf_2020_2023_congo_roc_01_stable_002048_000512.png,/private/tmp/JRC_TMF_256_5000_build/label/jrc_tmf_2020_2023_congo_roc_01_stable_002048_000512.png,,,,,,
jrc_tmf_2020_2023_amazon_bolivia_01_002304_004352,jrc_tmf_2020_2023_amazon_bolivia_01_002304_004352.png,jrc_tmf_2020_2023_amazon_bolivia_01,train,0.0952828964443291,/private/tmp/JRC_TMF_256_5000_build/A/jrc_tmf_2020_2023_amazon_bolivia_01_002304_004352.png,/private/tmp/JRC_TMF_256_5000_build/B/jrc_tmf_2020_2023_amazon_bolivia_01_002304_004352.png,/private/tmp/JRC_TMF_256_5000_build/label/jrc_tmf_2020_2023_amazon_bolivia_01_002304_004352.png,,,,,,
jrc_tmf_2020_2023_se_asia_borneo_01_006400_001024,jrc_tmf_2020_2023_se_asia_borneo_01_006400_001024.png,jrc_tmf_2020_2023_se_asia_borneo_01,train,0.02079645336576205,/private/tmp/JRC_TMF_256_5000_build/A/jrc_tmf_2020_2023_se_asia_borneo_01_006400_001024.png,/private/tmp/JRC_TMF_256_5000_build/B/jrc_tmf_2020_2023_se_asia_borneo_01_006400_001024.png,/private/tmp/JRC_TMF_256_5000_build/label/jrc_tmf_2020_2023_se_asia_borneo_01_006400_001024.png,,,,,,
jrc_tmf_2020_2023_se_asia_papua_01_stable_000000_005376,jrc_tmf_2020_2023_se_asia_papua_01_stable_000000_005376.png,jrc_tmf_2020_2023_se_asia_papua_01_stable,train,0.015921476438351984,/private/tmp/JRC_TMF_256_5000_build/A/jrc_tmf_2020_2023_se_asia_papua_01_stable_000000_005376.png,/private/tmp/JRC_TMF_256_5000_build/B/jrc_tmf_2020_2023_se_asia_papua_01_stable_000000_005376.png,/private/tmp/JRC_TMF_256_5000_build/label/jrc_tmf_2020_2023_se_asia_papua_01_stable_000000_005376.png,,,,,,
jrc_tmf_2020_2023_se_asia_sumatra_01_003072_000000,jrc_tmf_2020_2023_se_asia_sumatra_01_003072_000000.png,jrc_tmf_2020_2023_se_asia_sumatra_01,train,0.0,/private/tmp/JRC_TMF_256_5000_build/A/jrc_tmf_2020_2023_se_asia_sumatra_01_003072_000000.png,/private/tmp/JRC_TMF_256_5000_build/B/jrc_tmf_2020_2023_se_asia_sumatra_01_003072_000000.png,/private/tmp/JRC_TMF_256_5000_build/label/jrc_tmf_2020_2023_se_asia_sumatra_01_003072_000000.png,,,,,,
jrc_tmf_2020_2023_congo_gabon_02_stable_003840_004096,jrc_tmf_2020_2023_congo_gabon_02_stable_003840_004096.png,jrc_tmf_2020_2023_congo_gabon_02_stable,train,0.022146339861770066,/private/tmp/JRC_TMF_256_5000_build/A/jrc_tmf_2020_2023_congo_gabon_02_stable_003840_004096.png,/private/tmp/JRC_TMF_256_5000_build/B/jrc_tmf_2020_2023_congo_gabon_02_stable_003840_004096.png,/private/tmp/JRC_TMF_256_5000_build/label/jrc_tmf_2020_2023_congo_gabon_02_stable_003840_004096.png,,,,,,
jrc_tmf_2020_2023_amazon_guyana_01_stable_005888_005888,jrc_tmf_2020_2023_amazon_guyana_01_stable_005888_005888.png,jrc_tmf_2020_2023_amazon_guyana_01_stable,train,0.0,/private/tmp/JRC_TMF_256_5000_build/A/jrc_tmf_2020_2023_amazon_guyana_01_stable_005888_005888.png,/private/tmp/JRC_TMF_256_5000_build/B/jrc_tmf_2020_2023_amazon_guyana_01_stable_005888_005888.png,/private/tmp/JRC_TMF_256_5000_build/label/jrc_tmf_2020_2023_amazon_guyana_01_stable_005888_005888.png,,,,,,
jrc_tmf_2020_2023_se_asia_borneo_01_005376_002048,jrc_tmf_2020_2023_se_asia_borneo_01_005376_002048.png,jrc_tmf_2020_2023_se_asia_borneo_01,train,0.1561154446177847,/private/tmp/JRC_TMF_256_5000_build/A/jrc_tmf_2020_2023_se_asia_borneo_01_005376_002048.png,/private/tmp/JRC_TMF_256_5000_build/B/jrc_tmf_2020_2023_se_asia_borneo_01_005376_002048.png,/private/tmp/JRC_TMF_256_5000_build/label/jrc_tmf_2020_2023_se_asia_borneo_01_005376_002048.png,,,,,,
jrc_tmf_2020_2023_amazon_colombia_01_000000_004096,jrc_tmf_2020_2023_amazon_colombia_01_000000_004096.png,jrc_tmf_2020_2023_amazon_colombia_01,train,0.21911172622043282,/private/tmp/JRC_TMF_256_5000_build/A/jrc_tmf_2020_2023_amazon_colombia_01_000000_004096.png,/private/tmp/JRC_TMF_256_5000_build/B/jrc_tmf_2020_2023_amazon_colombia_01_000000_004096.png,/private/tmp/JRC_TMF_256_5000_build/label/jrc_tmf_2020_2023_amazon_colombia_01_000000_004096.png,,,,,,
jrc_tmf_2020_2023_amazon_peru_02_stable_005376_001280,jrc_tmf_2020_2023_amazon_peru_02_stable_005376_001280.png,jrc_tmf_2020_2023_amazon_peru_02_stable,train,0.057709556770295656,/private/tmp/JRC_TMF_256_5000_build/A/jrc_tmf_2020_2023_amazon_peru_02_stable_005376_001280.png,/private/tmp/JRC_TMF_256_5000_build/B/jrc_tmf_2020_2023_amazon_peru_02_stable_005376_001280.png,/private/tmp/JRC_TMF_256_5000_build/label/jrc_tmf_2020_2023_amazon_peru_02_stable_005376_001280.png,,,,,,
jrc_tmf_2020_2023_amazon_guyana_01_stable_005888_006656,jrc_tmf_2020_2023_amazon_guyana_01_stable_005888_006656.png,jrc_tmf_2020_2023_amazon_guyana_01_stable,train,0.0023607983225906654,/private/tmp/JRC_TMF_256_5000_build/A/jrc_tmf_2020_2023_amazon_guyana_01_stable_005888_006656.png,/private/tmp/JRC_TMF_256_5000_build/B/jrc_tmf_2020_2023_amazon_guyana_01_stable_005888_006656.png,/private/tmp/JRC_TMF_256_5000_build/label/jrc_tmf_2020_2023_amazon_guyana_01_stable_005888_006656.png,,,,,,
jrc_tmf_2020_2023_congo_gabon_02_stable_002816_001536,jrc_tmf_2020_2023_congo_gabon_02_stable_002816_001536.png,jrc_tmf_2020_2023_congo_gabon_02_stable,train,0.005652342237708091,/private/tmp/JRC_TMF_256_5000_build/A/jrc_tmf_2020_2023_congo_gabon_02_stable_002816_001536.png,/private/tmp/JRC_TMF_256_5000_build/B/jrc_tmf_2020_2023_congo_gabon_02_stable_002816_001536.png,/private/tmp/JRC_TMF_256_5000_build/label/jrc_tmf_2020_2023_congo_gabon_02_stable_002816_001536.png,,,,,,
jrc_tmf_2020_2023_amazon_guyana_01_stable_003584_006656,jrc_tmf_2020_2023_amazon_guyana_01_stable_003584_006656.png,jrc_tmf_2020_2023_amazon_guyana_01_stable,train,0.049902470741222366,/private/tmp/JRC_TMF_256_5000_build/A/jrc_tmf_2020_2023_amazon_guyana_01_stable_003584_006656.png,/private/tmp/JRC_TMF_256_5000_build/B/jrc_tmf_2020_2023_amazon_guyana_01_stable_003584_006656.png,/private/tmp/JRC_TMF_256_5000_build/label/jrc_tmf_2020_2023_amazon_guyana_01_stable_003584_006656.png,,,,,,
jrc_tmf_2020_2023_amazon_brazil_01_000000_000256,jrc_tmf_2020_2023_amazon_brazil_01_000000_000256.png,jrc_tmf_2020_2023_amazon_brazil_01,test,0.0,/private/tmp/JRC_TMF_256_5000_build/A/jrc_tmf_2020_2023_amazon_brazil_01_000000_000256.png,/private/tmp/JRC_TMF_256_5000_build/B/jrc_tmf_2020_2023_amazon_brazil_01_000000_000256.png,/private/tmp/JRC_TMF_256_5000_build/label/jrc_tmf_2020_2023_amazon_brazil_01_000000_000256.png,,,,,,
jrc_tmf_2020_2023_amazon_brazil_01_003584_002304,jrc_tmf_2020_2023_amazon_brazil_01_003584_002304.png,jrc_tmf_2020_2023_amazon_brazil_01,val,0.006828125,/private/tmp/JRC_TMF_256_5000_build/A/jrc_tmf_2020_2023_amazon_brazil_01_003584_002304.png,/private/tmp/JRC_TMF_256_5000_build/B/jrc_tmf_2020_2023_amazon_brazil_01_003584_002304.png,/private/tmp/JRC_TMF_256_5000_build/label/jrc_tmf_2020_2023_amazon_brazil_01_003584_002304.png,,,,,,
jrc_tmf_2020_2023_congo_drc_02_stable_004096_003072,jrc_tmf_2020_2023_congo_drc_02_stable_004096_003072.png,jrc_tmf_2020_2023_congo_drc_02_stable,train,0.011297103110907284,/private/tmp/JRC_TMF_256_5000_build/A/jrc_tmf_2020_2023_congo_drc_02_stable_004096_003072.png,/private/tmp/JRC_TMF_256_5000_build/B/jrc_tmf_2020_2023_congo_drc_02_stable_004096_003072.png,/private/tmp/JRC_TMF_256_5000_build/label/jrc_tmf_2020_2023_congo_drc_02_stable_004096_003072.png,,,,,,
jrc_tmf_2020_2023_se_asia_borneo_02_stable_002560_006912,jrc_tmf_2020_2023_se_asia_borneo_02_stable_002560_006912.png,jrc_tmf_2020_2023_se_asia_borneo_02_stable,train,0.08436951570143011,/private/tmp/JRC_TMF_256_5000_build/A/jrc_tmf_2020_2023_se_asia_borneo_02_stable_002560_006912.png,/private/tmp/JRC_TMF_256_5000_build/B/jrc_tmf_2020_2023_se_asia_borneo_02_stable_002560_006912.png,/private/tmp/JRC_TMF_256_5000_build/label/jrc_tmf_2020_2023_se_asia_borneo_02_stable_002560_006912.png,,,,,,
jrc_tmf_2020_2023_amazon_brazil_01_000000_005376,jrc_tmf_2020_2023_amazon_brazil_01_000000_005376.png,jrc_tmf_2020_2023_amazon_brazil_01,train,0.052309215207102425,/private/tmp/JRC_TMF_256_5000_build/A/jrc_tmf_2020_2023_amazon_brazil_01_000000_005376.png,/private/tmp/JRC_TMF_256_5000_build/B/jrc_tmf_2020_2023_amazon_brazil_01_000000_005376.png,/private/tmp/JRC_TMF_256_5000_build/label/jrc_tmf_2020_2023_amazon_brazil_01_000000_005376.png,,,,,,
jrc_tmf_2020_2023_congo_gabon_01_006912_001280,jrc_tmf_2020_2023_congo_gabon_01_006912_001280.png,jrc_tmf_2020_2023_congo_gabon_01,train,0.012987812384586975,/private/tmp/JRC_TMF_256_5000_build/A/jrc_tmf_2020_2023_congo_gabon_01_006912_001280.png,/private/tmp/JRC_TMF_256_5000_build/B/jrc_tmf_2020_2023_congo_gabon_01_006912_001280.png,/private/tmp/JRC_TMF_256_5000_build/label/jrc_tmf_2020_2023_congo_gabon_01_006912_001280.png,,,,,,
jrc_tmf_2020_2023_amazon_peru_01_000768_006656,jrc_tmf_2020_2023_amazon_peru_01_000768_006656.png,jrc_tmf_2020_2023_amazon_peru_01,val,0.0,/private/tmp/JRC_TMF_256_5000_build/A/jrc_tmf_2020_2023_amazon_peru_01_000768_006656.png,/private/tmp/JRC_TMF_256_5000_build/B/jrc_tmf_2020_2023_amazon_peru_01_000768_006656.png,/private/tmp/JRC_TMF_256_5000_build/label/jrc_tmf_2020_2023_amazon_peru_01_000768_006656.png,,,,,,
jrc_tmf_2020_2023_congo_roc_01_stable_005888_005376,jrc_tmf_2020_2023_congo_roc_01_stable_005888_005376.png,jrc_tmf_2020_2023_congo_roc_01_stable,train,0.002666170634920635,/private/tmp/JRC_TMF_256_5000_build/A/jrc_tmf_2020_2023_congo_roc_01_stable_005888_005376.png,/private/tmp/JRC_TMF_256_5000_build/B/jrc_tmf_2020_2023_congo_roc_01_stable_005888_005376.png,/private/tmp/JRC_TMF_256_5000_build/label/jrc_tmf_2020_2023_congo_roc_01_stable_005888_005376.png,,,,,,
jrc_tmf_2020_2023_amazon_brazil_02_stable_004864_005632,jrc_tmf_2020_2023_amazon_brazil_02_stable_004864_005632.png,jrc_tmf_2020_2023_amazon_brazil_02_stable,train,0.013094022605549286,/private/tmp/JRC_TMF_256_5000_build/A/jrc_tmf_2020_2023_amazon_brazil_02_stable_004864_005632.png,/private/tmp/JRC_TMF_256_5000_build/B/jrc_tmf_2020_2023_amazon_brazil_02_stable_004864_005632.png,/private/tmp/JRC_TMF_256_5000_build/label/jrc_tmf_2020_2023_amazon_brazil_02_stable_004864_005632.png,,,,,,
jrc_tmf_2020_2023_amazon_bolivia_01_000256_000000,jrc_tmf_2020_2023_amazon_bolivia_01_000256_000000.png,jrc_tmf_2020_2023_amazon_bolivia_01,train,0.03473219007327944,/private/tmp/JRC_TMF_256_5000_build/A/jrc_tmf_2020_2023_amazon_bolivia_01_000256_000000.png,/private/tmp/JRC_TMF_256_5000_build/B/jrc_tmf_2020_2023_amazon_bolivia_01_000256_000000.png,/private/tmp/JRC_TMF_256_5000_build/label/jrc_tmf_2020_2023_amazon_bolivia_01_000256_000000.png,,,,,,
jrc_tmf_2020_2023_se_asia_sumatra_01_002816_000000,jrc_tmf_2020_2023_se_asia_sumatra_01_002816_000000.png,jrc_tmf_2020_2023_se_asia_sumatra_01,train,0.00465695315381778,/private/tmp/JRC_TMF_256_5000_build/A/jrc_tmf_2020_2023_se_asia_sumatra_01_002816_000000.png,/private/tmp/JRC_TMF_256_5000_build/B/jrc_tmf_2020_2023_se_asia_sumatra_01_002816_000000.png,/private/tmp/JRC_TMF_256_5000_build/label/jrc_tmf_2020_2023_se_asia_sumatra_01_002816_000000.png,,,,,,
jrc_tmf_2020_2023_congo_cameroon_01_006144_001024,jrc_tmf_2020_2023_congo_cameroon_01_006144_001024.png,jrc_tmf_2020_2023_congo_cameroon_01,train,0.0,/private/tmp/JRC_TMF_256_5000_build/A/jrc_tmf_2020_2023_congo_cameroon_01_006144_001024.png,/private/tmp/JRC_TMF_256_5000_build/B/jrc_tmf_2020_2023_congo_cameroon_01_006144_001024.png,/private/tmp/JRC_TMF_256_5000_build/label/jrc_tmf_2020_2023_congo_cameroon_01_006144_001024.png,,,,,,
jrc_tmf_2020_2023_se_asia_sumatra_01_006400_006400,jrc_tmf_2020_2023_se_asia_sumatra_01_006400_006400.png,jrc_tmf_2020_2023_se_asia_sumatra_01,train,0.08067349441516689,/private/tmp/JRC_TMF_256_5000_build/A/jrc_tmf_2020_2023_se_asia_sumatra_01_006400_006400.png,/private/tmp/JRC_TMF_256_5000_build/B/jrc_tmf_2020_2023_se_asia_sumatra_01_006400_006400.png,/private/tmp/JRC_TMF_256_5000_build/label/jrc_tmf_2020_2023_se_asia_sumatra_01_006400_006400.png,,,,,,
jrc_tmf_2020_2023_se_asia_borneo_02_stable_001536_001024,jrc_tmf_2020_2023_se_asia_borneo_02_stable_001536_001024.png,jrc_tmf_2020_2023_se_asia_borneo_02_stable,train,0.010103704691720297,/private/tmp/JRC_TMF_256_5000_build/A/jrc_tmf_2020_2023_se_asia_borneo_02_stable_001536_001024.png,/private/tmp/JRC_TMF_256_5000_build/B/jrc_tmf_2020_2023_se_asia_borneo_02_stable_001536_001024.png,/private/tmp/JRC_TMF_256_5000_build/label/jrc_tmf_2020_2023_se_asia_borneo_02_stable_001536_001024.png,,,,,,
jrc_tmf_2020_2023_amazon_peru_01_001792_001536,jrc_tmf_2020_2023_amazon_peru_01_001792_001536.png,jrc_tmf_2020_2023_amazon_peru_01,train,0.004447691965562156,/private/tmp/JRC_TMF_256_5000_build/A/jrc_tmf_2020_2023_amazon_peru_01_001792_001536.png,/private/tmp/JRC_TMF_256_5000_build/B/jrc_tmf_2020_2023_amazon_peru_01_001792_001536.png,/private/tmp/JRC_TMF_256_5000_build/label/jrc_tmf_2020_2023_amazon_peru_01_001792_001536.png,,,,,,
jrc_tmf_2020_2023_congo_cameroon_01_002304_005888,jrc_tmf_2020_2023_congo_cameroon_01_002304_005888.png,jrc_tmf_2020_2023_congo_cameroon_01,train,0.06528171713300115,/private/tmp/JRC_TMF_256_5000_build/A/jrc_tmf_2020_2023_congo_cameroon_01_002304_005888.png,/private/tmp/JRC_TMF_256_5000_build/B/jrc_tmf_2020_2023_congo_cameroon_01_002304_005888.png,/private/tmp/JRC_TMF_256_5000_build/label/jrc_tmf_2020_2023_congo_cameroon_01_002304_005888.png,,,,,,
jrc_tmf_2020_2023_congo_drc_02_stable_004864_003328,jrc_tmf_2020_2023_congo_drc_02_stable_004864_003328.png,jrc_tmf_2020_2023_congo_drc_02_stable,train,0.0,/private/tmp/JRC_TMF_256_5000_build/A/jrc_tmf_2020_2023_congo_drc_02_stable_004864_003328.png,/private/tmp/JRC_TMF_256_5000_build/B/jrc_tmf_2020_2023_congo_drc_02_stable_004864_003328.png,/private/tmp/JRC_TMF_256_5000_build/label/jrc_tmf_2020_2023_congo_drc_02_stable_004864_003328.png,,,,,,
jrc_tmf_2020_2023_congo_drc_01_006656_006400,jrc_tmf_2020_2023_congo_drc_01_006656_006400.png,jrc_tmf_2020_2023_congo_drc_01,train,0.06057027163826557,/private/tmp/JRC_TMF_256_5000_build/A/jrc_tmf_2020_2023_congo_drc_01_006656_006400.png,/private/tmp/JRC_TMF_256_5000_build/B/jrc_tmf_2020_2023_congo_drc_01_006656_006400.png,/private/tmp/JRC_TMF_256_5000_build/label/jrc_tmf_2020_2023_congo_drc_01_006656_006400.png,,,,,,
jrc_tmf_2020_2023_congo_gabon_01_005376_000512,jrc_tmf_2020_2023_congo_gabon_01_005376_000512.png,jrc_tmf_2020_2023_congo_gabon_01,train,0.008442232535417685,/private/tmp/JRC_TMF_256_5000_build/A/jrc_tmf_2020_2023_congo_gabon_01_005376_000512.png,/private/tmp/JRC_TMF_256_5000_build/B/jrc_tmf_2020_2023_congo_gabon_01_005376_000512.png,/private/tmp/JRC_TMF_256_5000_build/label/jrc_tmf_2020_2023_congo_gabon_01_005376_000512.png,,,,,,
jrc_tmf_2020_2023_amazon_brazil_02_stable_003584_001792,jrc_tmf_2020_2023_amazon_brazil_02_stable_003584_001792.png,jrc_tmf_2020_2023_amazon_brazil_02_stable,train,0.0020599365234375,/private/tmp/JRC_TMF_256_5000_build/A/jrc_tmf_2020_2023_amazon_brazil_02_stable_003584_001792.png,/private/tmp/JRC_TMF_256_5000_build/B/jrc_tmf_2020_2023_amazon_brazil_02_stable_003584_001792.png,/private/tmp/JRC_TMF_256_5000_build/label/jrc_tmf_2020_2023_amazon_brazil_02_stable_003584_001792.png,,,,,,
jrc_tmf_2020_2023_se_asia_sumatra_02_stable_003840_002816,jrc_tmf_2020_2023_se_asia_sumatra_02_stable_003840_002816.png,jrc_tmf_2020_2023_se_asia_sumatra_02_stable,train,0.007441490570324926,/private/tmp/JRC_TMF_256_5000_build/A/jrc_tmf_2020_2023_se_asia_sumatra_02_stable_003840_002816.png,/private/tmp/JRC_TMF_256_5000_build/B/jrc_tmf_2020_2023_se_asia_sumatra_02_stable_003840_002816.png,/private/tmp/JRC_TMF_256_5000_build/label/jrc_tmf_2020_2023_se_asia_sumatra_02_stable_003840_002816.png,,,,,,
jrc_tmf_2020_2023_amazon_bolivia_01_004864_000000,jrc_tmf_2020_2023_amazon_bolivia_01_004864_000000.png,jrc_tmf_2020_2023_amazon_bolivia_01,train,0.006912310768351899,/private/tmp/JRC_TMF_256_5000_build/A/jrc_tmf_2020_2023_amazon_bolivia_01_004864_000000.png,/private/tmp/JRC_TMF_256_5000_build/B/jrc_tmf_2020_2023_amazon_bolivia_01_004864_000000.png,/private/tmp/JRC_TMF_256_5000_build/label/jrc_tmf_2020_2023_amazon_bolivia_01_004864_000000.png,,,,,,
jrc_tmf_2020_2023_congo_drc_01_005120_000256,jrc_tmf_2020_2023_congo_drc_01_005120_000256.png,jrc_tmf_2020_2023_congo_drc_01,train,0.004318255424808378,/private/tmp/JRC_TMF_256_5000_build/A/jrc_tmf_2020_2023_congo_drc_01_005120_000256.png,/private/tmp/JRC_TMF_256_5000_build/B/jrc_tmf_2020_2023_congo_drc_01_005120_000256.png,/private/tmp/JRC_TMF_256_5000_build/label/jrc_tmf_2020_2023_congo_drc_01_005120_000256.png,,,,,,
jrc_tmf_2020_2023_amazon_peru_02_stable_006912_000256,jrc_tmf_2020_2023_amazon_peru_02_stable_006912_000256.png,jrc_tmf_2020_2023_amazon_peru_02_stable,test,0.016135467705124727,/private/tmp/JRC_TMF_256_5000_build/A/jrc_tmf_2020_2023_amazon_peru_02_stable_006912_000256.png,/private/tmp/JRC_TMF_256_5000_build/B/jrc_tmf_2020_2023_amazon_peru_02_stable_006912_000256.png,/private/tmp/JRC_TMF_256_5000_build/label/jrc_tmf_2020_2023_amazon_peru_02_stable_006912_000256.png,,,,,,
jrc_tmf_2020_2023_se_asia_sumatra_01_005632_006400,jrc_tmf_2020_2023_se_asia_sumatra_01_005632_006400.png,jrc_tmf_2020_2023_se_asia_sumatra_01,test,0.029161947904869763,/private/tmp/JRC_TMF_256_5000_build/A/jrc_tmf_2020_2023_se_asia_sumatra_01_005632_006400.png,/private/tmp/JRC_TMF_256_5000_build/B/jrc_tmf_2020_2023_se_asia_sumatra_01_005632_006400.png,/private/tmp/JRC_TMF_256_5000_build/label/jrc_tmf_2020_2023_se_asia_sumatra_01_005632_006400.png,,,,,,
jrc_tmf_2020_2023_se_asia_sumatra_01_006400_005632,jrc_tmf_2020_2023_se_asia_sumatra_01_006400_005632.png,jrc_tmf_2020_2023_se_asia_sumatra_01,train,0.16174288665602404,/private/tmp/JRC_TMF_256_5000_build/A/jrc_tmf_2020_2023_se_asia_sumatra_01_006400_005632.png,/private/tmp/JRC_TMF_256_5000_build/B/jrc_tmf_2020_2023_se_asia_sumatra_01_006400_005632.png,/private/tmp/JRC_TMF_256_5000_build/label/jrc_tmf_2020_2023_se_asia_sumatra_01_006400_005632.png,,,,,,
jrc_tmf_2020_2023_se_asia_sumatra_02_stable_007168_002048,jrc_tmf_2020_2023_se_asia_sumatra_02_stable_007168_002048.png,jrc_tmf_2020_2023_se_asia_sumatra_02_stable,train,0.07097052067381317,/private/tmp/JRC_TMF_256_5000_build/A/jrc_tmf_2020_2023_se_asia_sumatra_02_stable_007168_002048.png,/private/tmp/JRC_TMF_256_5000_build/B/jrc_tmf_2020_2023_se_asia_sumatra_02_stable_007168_002048.png,/private/tmp/JRC_TMF_256_5000_build/label/jrc_tmf_2020_2023_se_asia_sumatra_02_stable_007168_002048.png,,,,,,
jrc_tmf_2020_2023_se_asia_borneo_01_002304_006656,jrc_tmf_2020_2023_se_asia_borneo_01_002304_006656.png,jrc_tmf_2020_2023_se_asia_borneo_01,train,0.004632489190858555,/private/tmp/JRC_TMF_256_5000_build/A/jrc_tmf_2020_2023_se_asia_borneo_01_002304_006656.png,/private/tmp/JRC_TMF_256_5000_build/B/jrc_tmf_2020_2023_se_asia_borneo_01_002304_006656.png,/private/tmp/JRC_TMF_256_5000_build/label/jrc_tmf_2020_2023_se_asia_borneo_01_002304_006656.png,,,,,,
jrc_tmf_2020_2023_amazon_brazil_02_stable_005120_002816,jrc_tmf_2020_2023_amazon_brazil_02_stable_005120_002816.png,jrc_tmf_2020_2023_amazon_brazil_02_stable,train,0.08511982166078395,/private/tmp/JRC_TMF_256_5000_build/A/jrc_tmf_2020_2023_amazon_brazil_02_stable_005120_002816.png,/private/tmp/JRC_TMF_256_5000_build/B/jrc_tmf_2020_2023_amazon_brazil_02_stable_005120_002816.png,/private/tmp/JRC_TMF_256_5000_build/label/jrc_tmf_2020_2023_amazon_brazil_02_stable_005120_002816.png,,,,,,
jrc_tmf_2020_2023_amazon_brazil_02_stable_003840_006400,jrc_tmf_2020_2023_amazon_brazil_02_stable_003840_006400.png,jrc_tmf_2020_2023_amazon_brazil_02_stable,test,0.2663608087091757,/private/tmp/JRC_TMF_256_5000_build/A/jrc_tmf_2020_2023_amazon_brazil_02_stable_003840_006400.png,/private/tmp/JRC_TMF_256_5000_build/B/jrc_tmf_2020_2023_amazon_brazil_02_stable_003840_006400.png,/private/tmp/JRC_TMF_256_5000_build/label/jrc_tmf_2020_2023_amazon_brazil_02_stable_003840_006400.png,,,,,,
jrc_tmf_2020_2023_amazon_colombia_01_001024_003584,jrc_tmf_2020_2023_amazon_colombia_01_001024_003584.png,jrc_tmf_2020_2023_amazon_colombia_01,train,0.006958113984893569,/private/tmp/JRC_TMF_256_5000_build/A/jrc_tmf_2020_2023_amazon_colombia_01_001024_003584.png,/private/tmp/JRC_TMF_256_5000_build/B/jrc_tmf_2020_2023_amazon_colombia_01_001024_003584.png,/private/tmp/JRC_TMF_256_5000_build/label/jrc_tmf_2020_2023_amazon_colombia_01_001024_003584.png,,,,,,
jrc_tmf_2020_2023_amazon_peru_01_004864_000768,jrc_tmf_2020_2023_amazon_peru_01_004864_000768.png,jrc_tmf_2020_2023_amazon_peru_01,val,0.037185551831082984,/private/tmp/JRC_TMF_256_5000_build/A/jrc_tmf_2020_2023_amazon_peru_01_004864_000768.png,/private/tmp/JRC_TMF_256_5000_build/B/jrc_tmf_2020_2023_amazon_peru_01_004864_000768.png,/private/tmp/JRC_TMF_256_5000_build/label/jrc_tmf_2020_2023_amazon_peru_01_004864_000768.png,,,,,,
jrc_tmf_2020_2023_amazon_peru_02_stable_000768_003840,jrc_tmf_2020_2023_amazon_peru_02_stable_000768_003840.png,jrc_tmf_2020_2023_amazon_peru_02_stable,train,0.00213623046875,/private/tmp/JRC_TMF_256_5000_build/A/jrc_tmf_2020_2023_amazon_peru_02_stable_000768_003840.png,/private/tmp/JRC_TMF_256_5000_build/B/jrc_tmf_2020_2023_amazon_peru_02_stable_000768_003840.png,/private/tmp/JRC_TMF_256_5000_build/label/jrc_tmf_2020_2023_amazon_peru_02_stable_000768_003840.png,,,,,,
jrc_tmf_2020_2023_congo_cameroon_01_004608_000000,jrc_tmf_2020_2023_congo_cameroon_01_004608_000000.png,jrc_tmf_2020_2023_congo_cameroon_01,test,0.0157239571958943,/private/tmp/JRC_TMF_256_5000_build/A/jrc_tmf_2020_2023_congo_cameroon_01_004608_000000.png,/private/tmp/JRC_TMF_256_5000_build/B/jrc_tmf_2020_2023_congo_cameroon_01_004608_000000.png,/private/tmp/JRC_TMF_256_5000_build/label/jrc_tmf_2020_2023_congo_cameroon_01_004608_000000.png,,,,,,
jrc_tmf_2020_2023_amazon_bolivia_01_002304_004096,jrc_tmf_2020_2023_amazon_bolivia_01_002304_004096.png,jrc_tmf_2020_2023_amazon_bolivia_01,train,0.17416306886545402,/private/tmp/JRC_TMF_256_5000_build/A/jrc_tmf_2020_2023_amazon_bolivia_01_002304_004096.png,/private/tmp/JRC_TMF_256_5000_build/B/jrc_tmf_2020_2023_amazon_bolivia_01_002304_004096.png,/private/tmp/JRC_TMF_256_5000_build/label/jrc_tmf_2020_2023_amazon_bolivia_01_002304_004096.png,,,,,,
jrc_tmf_2020_2023_amazon_colombia_01_000768_002816,jrc_tmf_2020_2023_amazon_colombia_01_000768_002816.png,jrc_tmf_2020_2023_amazon_colombia_01,train,0.056449608034870806,/private/tmp/JRC_TMF_256_5000_build/A/jrc_tmf_2020_2023_amazon_colombia_01_000768_002816.png,/private/tmp/JRC_TMF_256_5000_build/B/jrc_tmf_2020_2023_amazon_colombia_01_000768_002816.png,/private/tmp/JRC_TMF_256_5000_build/label/jrc_tmf_2020_2023_amazon_colombia_01_000768_002816.png,,,,,,
jrc_tmf_2020_2023_congo_gabon_01_004608_003584,jrc_tmf_2020_2023_congo_gabon_01_004608_003584.png,jrc_tmf_2020_2023_congo_gabon_01,train,0.0,/private/tmp/JRC_TMF_256_5000_build/A/jrc_tmf_2020_2023_congo_gabon_01_004608_003584.png,/private/tmp/JRC_TMF_256_5000_build/B/jrc_tmf_2020_2023_congo_gabon_01_004608_003584.png,/private/tmp/JRC_TMF_256_5000_build/label/jrc_tmf_2020_2023_congo_gabon_01_004608_003584.png,,,,,,
jrc_tmf_2020_2023_amazon_colombia_01_003840_003328,jrc_tmf_2020_2023_amazon_colombia_01_003840_003328.png,jrc_tmf_2020_2023_amazon_colombia_01,test,0.0,/private/tmp/JRC_TMF_256_5000_build/A/jrc_tmf_2020_2023_amazon_colombia_01_003840_003328.png,/private/tmp/JRC_TMF_256_5000_build/B/jrc_tmf_2020_2023_amazon_colombia_01_003840_003328.png,/private/tmp/JRC_TMF_256_5000_build/label/jrc_tmf_2020_2023_amazon_colombia_01_003840_003328.png,,,,,,
jrc_tmf_2020_2023_congo_cameroon_01_000000_002304,jrc_tmf_2020_2023_congo_cameroon_01_000000_002304.png,jrc_tmf_2020_2023_congo_cameroon_01,train,0.004380475594493116,/private/tmp/JRC_TMF_256_5000_build/A/jrc_tmf_2020_2023_congo_cameroon_01_000000_002304.png,/private/tmp/JRC_TMF_256_5000_build/B/jrc_tmf_2020_2023_congo_cameroon_01_000000_002304.png,/private/tmp/JRC_TMF_256_5000_build/label/jrc_tmf_2020_2023_congo_cameroon_01_000000_002304.png,,,,,,
jrc_tmf_2020_2023_amazon_brazil_01_000768_006656,jrc_tmf_2020_2023_amazon_brazil_01_000768_006656.png,jrc_tmf_2020_2023_amazon_brazil_01,test,0.2685951120930312,/private/tmp/JRC_TMF_256_5000_build/A/jrc_tmf_2020_2023_amazon_brazil_01_000768_006656.png,/private/tmp/JRC_TMF_256_5000_build/B/jrc_tmf_2020_2023_amazon_brazil_01_000768_006656.png,/private/tmp/JRC_TMF_256_5000_build/label/jrc_tmf_2020_2023_amazon_brazil_01_000768_006656.png,,,,,,
jrc_tmf_2020_2023_amazon_brazil_01_007168_004608,jrc_tmf_2020_2023_amazon_brazil_01_007168_004608.png,jrc_tmf_2020_2023_amazon_brazil_01,train,0.010520356654243525,/private/tmp/JRC_TMF_256_5000_build/A/jrc_tmf_2020_2023_amazon_brazil_01_007168_004608.png,/private/tmp/JRC_TMF_256_5000_build/B/jrc_tmf_2020_2023_amazon_brazil_01_007168_004608.png,/private/tmp/JRC_TMF_256_5000_build/label/jrc_tmf_2020_2023_amazon_brazil_01_007168_004608.png,,,,,,
jrc_tmf_2020_2023_se_asia_borneo_02_stable_005376_002816,jrc_tmf_2020_2023_se_asia_borneo_02_stable_005376_002816.png,jrc_tmf_2020_2023_se_asia_borneo_02_stable,train,0.0,/private/tmp/JRC_TMF_256_5000_build/A/jrc_tmf_2020_2023_se_asia_borneo_02_stable_005376_002816.png,/private/tmp/JRC_TMF_256_5000_build/B/jrc_tmf_2020_2023_se_asia_borneo_02_stable_005376_002816.png,/private/tmp/JRC_TMF_256_5000_build/label/jrc_tmf_2020_2023_se_asia_borneo_02_stable_005376_002816.png,,,,,,
jrc_tmf_2020_2023_se_asia_sumatra_02_stable_002560_003840,jrc_tmf_2020_2023_se_asia_sumatra_02_stable_002560_003840.png,jrc_tmf_2020_2023_se_asia_sumatra_02_stable,train,0.01102435363696464,/private/tmp/JRC_TMF_256_5000_build/A/jrc_tmf_2020_2023_se_asia_sumatra_02_stable_002560_003840.png,/private/tmp/JRC_TMF_256_5000_build/B/jrc_tmf_2020_2023_se_asia_sumatra_02_stable_002560_003840.png,/private/tmp/JRC_TMF_256_5000_build/label/jrc_tmf_2020_2023_se_asia_sumatra_02_stable_002560_003840.png,,,,,,
jrc_tmf_2020_2023_se_asia_borneo_02_stable_001280_006144,jrc_tmf_2020_2023_se_asia_borneo_02_stable_001280_006144.png,jrc_tmf_2020_2023_se_asia_borneo_02_stable,val,0.0023261546045537174,/private/tmp/JRC_TMF_256_5000_build/A/jrc_tmf_2020_2023_se_asia_borneo_02_stable_001280_006144.png,/private/tmp/JRC_TMF_256_5000_build/B/jrc_tmf_2020_2023_se_asia_borneo_02_stable_001280_006144.png,/private/tmp/JRC_TMF_256_5000_build/label/jrc_tmf_2020_2023_se_asia_borneo_02_stable_001280_006144.png,,,,,,
jrc_tmf_2020_2023_congo_drc_02_stable_000512_001792,jrc_tmf_2020_2023_congo_drc_02_stable_000512_001792.png,jrc_tmf_2020_2023_congo_drc_02_stable,test,0.002869396663563241,/private/tmp/JRC_TMF_256_5000_build/A/jrc_tmf_2020_2023_congo_drc_02_stable_000512_001792.png,/private/tmp/JRC_TMF_256_5000_build/B/jrc_tmf_2020_2023_congo_drc_02_stable_000512_001792.png,/private/tmp/JRC_TMF_256_5000_build/label/jrc_tmf_2020_2023_congo_drc_02_stable_000512_001792.png,,,,,,
jrc_tmf_2020_2023_congo_drc_01_007168_000512,jrc_tmf_2020_2023_congo_drc_01_007168_000512.png,jrc_tmf_2020_2023_congo_drc_01,train,0.0165763684845191,/private/tmp/JRC_TMF_256_5000_build/A/jrc_tmf_2020_2023_congo_drc_01_007168_000512.png,/private/tmp/JRC_TMF_256_5000_build/B/jrc_tmf_2020_2023_congo_drc_01_007168_000512.png,/private/tmp/JRC_TMF_256_5000_build/label/jrc_tmf_2020_2023_congo_drc_01_007168_000512.png,,,,,,
jrc_tmf_2020_2023_amazon_colombia_01_000000_005120,jrc_tmf_2020_2023_amazon_colombia_01_000000_005120.png,jrc_tmf_2020_2023_amazon_colombia_01,train,0.03959221501390176,/private/tmp/JRC_TMF_256_5000_build/A/jrc_tmf_2020_2023_amazon_colombia_01_000000_005120.png,/private/tmp/JRC_TMF_256_5000_build/B/jrc_tmf_2020_2023_amazon_colombia_01_000000_005120.png,/private/tmp/JRC_TMF_256_5000_build/label/jrc_tmf_2020_2023_amazon_colombia_01_000000_005120.png,,,,,,
jrc_tmf_2020_2023_se_asia_papua_01_stable_003072_005632,jrc_tmf_2020_2023_se_asia_papua_01_stable_003072_005632.png,jrc_tmf_2020_2023_se_asia_papua_01_stable,val,0.0,/private/tmp/JRC_TMF_256_5000_build/A/jrc_tmf_2020_2023_se_asia_papua_01_stable_003072_005632.png,/private/tmp/JRC_TMF_256_5000_build/B/jrc_tmf_2020_2023_se_asia_papua_01_stable_003072_005632.png,/private/tmp/JRC_TMF_256_5000_build/label/jrc_tmf_2020_2023_se_asia_papua_01_stable_003072_005632.png,,,,,,
jrc_tmf_2020_2023_se_asia_borneo_01_005632_005888,jrc_tmf_2020_2023_se_asia_borneo_01_005632_005888.png,jrc_tmf_2020_2023_se_asia_borneo_01,train,0.09446223245690132,/private/tmp/JRC_TMF_256_5000_build/A/jrc_tmf_2020_2023_se_asia_borneo_01_005632_005888.png,/private/tmp/JRC_TMF_256_5000_build/B/jrc_tmf_2020_2023_se_asia_borneo_01_005632_005888.png,/private/tmp/JRC_TMF_256_5000_build/label/jrc_tmf_2020_2023_se_asia_borneo_01_005632_005888.png,,,,,,
jrc_tmf_2020_2023_amazon_peru_02_stable_000512_002560,jrc_tmf_2020_2023_amazon_peru_02_stable_000512_002560.png,jrc_tmf_2020_2023_amazon_peru_02_stable,train,0.0,/private/tmp/JRC_TMF_256_5000_build/A/jrc_tmf_2020_2023_amazon_peru_02_stable_000512_002560.png,/private/tmp/JRC_TMF_256_5000_build/B/jrc_tmf_2020_2023_amazon_peru_02_stable_000512_002560.png,/private/tmp/JRC_TMF_256_5000_build/label/jrc_tmf_2020_2023_amazon_peru_02_stable_000512_002560.png,,,,,,
jrc_tmf_2020_2023_se_asia_borneo_01_003328_000000,jrc_tmf_2020_2023_se_asia_borneo_01_003328_000000.png,jrc_tmf_2020_2023_se_asia_borneo_01,test,0.0,/private/tmp/JRC_TMF_256_5000_build/A/jrc_tmf_2020_2023_se_asia_borneo_01_003328_000000.png,/private/tmp/JRC_TMF_256_5000_build/B/jrc_tmf_2020_2023_se_asia_borneo_01_003328_000000.png,/private/tmp/JRC_TMF_256_5000_build/label/jrc_tmf_2020_2023_se_asia_borneo_01_003328_000000.png,,,,,,
jrc_tmf_2020_2023_amazon_peru_01_001280_004608,jrc_tmf_2020_2023_amazon_peru_01_001280_004608.png,jrc_tmf_2020_2023_amazon_peru_01,train,0.057468661544682574,/private/tmp/JRC_TMF_256_5000_build/A/jrc_tmf_2020_2023_amazon_peru_01_001280_004608.png,/private/tmp/JRC_TMF_256_5000_build/B/jrc_tmf_2020_2023_amazon_peru_01_001280_004608.png,/private/tmp/JRC_TMF_256_5000_build/label/jrc_tmf_2020_2023_amazon_peru_01_001280_004608.png,,,,,,
jrc_tmf_2020_2023_congo_gabon_02_stable_004608_000256,jrc_tmf_2020_2023_congo_gabon_02_stable_004608_000256.png,jrc_tmf_2020_2023_congo_gabon_02_stable,train,0.0,/private/tmp/JRC_TMF_256_5000_build/A/jrc_tmf_2020_2023_congo_gabon_02_stable_004608_000256.png,/private/tmp/JRC_TMF_256_5000_build/B/jrc_tmf_2020_2023_congo_gabon_02_stable_004608_000256.png,/private/tmp/JRC_TMF_256_5000_build/label/jrc_tmf_2020_2023_congo_gabon_02_stable_004608_000256.png,,,,,,
jrc_tmf_2020_2023_congo_roc_01_stable_003584_005376,jrc_tmf_2020_2023_congo_roc_01_stable_003584_005376.png,jrc_tmf_2020_2023_congo_roc_01_stable,train,0.0,/private/tmp/JRC_TMF_256_5000_build/A/jrc_tmf_2020_2023_congo_roc_01_stable_003584_005376.png,/private/tmp/JRC_TMF_256_5000_build/B/jrc_tmf_2020_2023_congo_roc_01_stable_003584_005376.png,/private/tmp/JRC_TMF_256_5000_build/label/jrc_tmf_2020_2023_congo_roc_01_stable_003584_005376.png,,,,,,
jrc_tmf_2020_2023_se_asia_papua_01_stable_005376_005376,jrc_tmf_2020_2023_se_asia_papua_01_stable_005376_005376.png,jrc_tmf_2020_2023_se_asia_papua_01_stable,val,0.009780101491619253,/private/tmp/JRC_TMF_256_5000_build/A/jrc_tmf_2020_2023_se_asia_papua_01_stable_005376_005376.png,/private/tmp/JRC_TMF_256_5000_build/B/jrc_tmf_2020_2023_se_asia_papua_01_stable_005376_005376.png,/private/tmp/JRC_TMF_256_5000_build/label/jrc_tmf_2020_2023_se_asia_papua_01_stable_005376_005376.png,,,,,,
jrc_tmf_2020_2023_amazon_colombia_02_stable_001536_003072,jrc_tmf_2020_2023_amazon_colombia_02_stable_001536_003072.png,jrc_tmf_2020_2023_amazon_colombia_02_stable,train,0.004218232525710301,/private/tmp/JRC_TMF_256_5000_build/A/jrc_tmf_2020_2023_amazon_colombia_02_stable_001536_003072.png,/private/tmp/JRC_TMF_256_5000_build/B/jrc_tmf_2020_2023_amazon_colombia_02_stable_001536_003072.png,/private/tmp/JRC_TMF_256_5000_build/label/jrc_tmf_2020_2023_amazon_colombia_02_stable_001536_003072.png,,,,,,
jrc_tmf_2020_2023_amazon_colombia_02_stable_004096_005632,jrc_tmf_2020_2023_amazon_colombia_02_stable_004096_005632.png,jrc_tmf_2020_2023_amazon_colombia_02_stable,train,0.0,/private/tmp/JRC_TMF_256_5000_build/A/jrc_tmf_2020_2023_amazon_colombia_02_stable_004096_005632.png,/private/tmp/JRC_TMF_256_5000_build/B/jrc_tmf_2020_2023_amazon_colombia_02_stable_004096_005632.png,/private/tmp/JRC_TMF_256_5000_build/label/jrc_tmf_2020_2023_amazon_colombia_02_stable_004096_005632.png,,,,,,
jrc_tmf_2020_2023_congo_drc_01_001024_006912,jrc_tmf_2020_2023_congo_drc_01_001024_006912.png,jrc_tmf_2020_2023_congo_drc_01,train,0.0,/private/tmp/JRC_TMF_256_5000_build/A/jrc_tmf_2020_2023_congo_drc_01_001024_006912.png,/private/tmp/JRC_TMF_256_5000_build/B/jrc_tmf_2020_2023_congo_drc_01_001024_006912.png,/private/tmp/JRC_TMF_256_5000_build/label/jrc_tmf_2020_2023_congo_drc_01_001024_006912.png,,,,,,
jrc_tmf_2020_2023_congo_roc_01_stable_006400_002304,jrc_tmf_2020_2023_congo_roc_01_stable_006400_002304.png,jrc_tmf_2020_2023_congo_roc_01_stable,test,0.01619090601376509,/private/tmp/JRC_TMF_256_5000_build/A/jrc_tmf_2020_2023_congo_roc_01_stable_006400_002304.png,/private/tmp/JRC_TMF_256_5000_build/B/jrc_tmf_2020_2023_congo_roc_01_stable_006400_002304.png,/private/tmp/JRC_TMF_256_5000_build/label/jrc_tmf_2020_2023_congo_roc_01_stable_006400_002304.png,,,,,,
jrc_tmf_2020_2023_amazon_bolivia_01_001024_005632,jrc_tmf_2020_2023_amazon_bolivia_01_001024_005632.png,jrc_tmf_2020_2023_amazon_bolivia_01,train,0.056638236614398714,/private/tmp/JRC_TMF_256_5000_build/A/jrc_tmf_2020_2023_amazon_bolivia_01_001024_005632.png,/private/tmp/JRC_TMF_256_5000_build/B/jrc_tmf_2020_2023_amazon_bolivia_01_001024_005632.png,/private/tmp/JRC_TMF_256_5000_build/label/jrc_tmf_2020_2023_amazon_bolivia_01_001024_005632.png,,,,,,
jrc_tmf_2020_2023_se_asia_borneo_01_006144_000256,jrc_tmf_2020_2023_se_asia_borneo_01_006144_000256.png,jrc_tmf_2020_2023_se_asia_borneo_01,test,0.010207695031639236,/private/tmp/JRC_TMF_256_5000_build/A/jrc_tmf_2020_2023_se_asia_borneo_01_006144_000256.png,/private/tmp/JRC_TMF_256_5000_build/B/jrc_tmf_2020_2023_se_asia_borneo_01_006144_000256.png,/private/tmp/JRC_TMF_256_5000_build/label/jrc_tmf_2020_2023_se_asia_borneo_01_006144_000256.png,,,,,,
jrc_tmf_2020_2023_se_asia_papua_01_stable_006912_006656,jrc_tmf_2020_2023_se_asia_papua_01_stable_006912_006656.png,jrc_tmf_2020_2023_se_asia_papua_01_stable,train,0.015490385278103246,/private/tmp/JRC_TMF_256_5000_build/A/jrc_tmf_2020_2023_se_asia_papua_01_stable_006912_006656.png,/private/tmp/JRC_TMF_256_5000_build/B/jrc_tmf_2020_2023_se_asia_papua_01_stable_006912_006656.png,/private/tmp/JRC_TMF_256_5000_build/label/jrc_tmf_2020_2023_se_asia_papua_01_stable_006912_006656.png,,,,,,
jrc_tmf_2020_2023_se_asia_sumatra_01_000256_005376,jrc_tmf_2020_2023_se_asia_sumatra_01_000256_005376.png,jrc_tmf_2020_2023_se_asia_sumatra_01,train,0.0,/private/tmp/JRC_TMF_256_5000_build/A/jrc_tmf_2020_2023_se_asia_sumatra_01_000256_005376.png,/private/tmp/JRC_TMF_256_5000_build/B/jrc_tmf_2020_2023_se_asia_sumatra_01_000256_005376.png,/private/tmp/JRC_TMF_256_5000_build/label/jrc_tmf_2020_2023_se_asia_sumatra_01_000256_005376.png,,,,,,
jrc_tmf_2020_2023_congo_gabon_02_stable_002304_001024,jrc_tmf_2020_2023_congo_gabon_02_stable_002304_001024.png,jrc_tmf_2020_2023_congo_gabon_02_stable,train,0.011201318520327188,/private/tmp/JRC_TMF_256_5000_build/A/jrc_tmf_2020_2023_congo_gabon_02_stable_002304_001024.png,/private/tmp/JRC_TMF_256_5000_build/B/jrc_tmf_2020_2023_congo_gabon_02_stable_002304_001024.png,/private/tmp/JRC_TMF_256_5000_build/label/jrc_tmf_2020_2023_congo_gabon_02_stable_002304_001024.png,,,,,,
jrc_tmf_2020_2023_amazon_guyana_01_stable_000000_005632,jrc_tmf_2020_2023_amazon_guyana_01_stable_000000_005632.png,jrc_tmf_2020_2023_amazon_guyana_01_stable,val,0.0,/private/tmp/JRC_TMF_256_5000_build/A/jrc_tmf_2020_2023_amazon_guyana_01_stable_000000_005632.png,/private/tmp/JRC_TMF_256_5000_build/B/jrc_tmf_2020_2023_amazon_guyana_01_stable_000000_005632.png,/private/tmp/JRC_TMF_256_5000_build/label/jrc_tmf_2020_2023_amazon_guyana_01_stable_000000_005632.png,,,,,,
jrc_tmf_2020_2023_se_asia_borneo_01_006656_003584,jrc_tmf_2020_2023_se_asia_borneo_01_006656_003584.png,jrc_tmf_2020_2023_se_asia_borneo_01,test,0.2004304503786369,/private/tmp/JRC_TMF_256_5000_build/A/jrc_tmf_2020_2023_se_asia_borneo_01_006656_003584.png,/private/tmp/JRC_TMF_256_5000_build/B/jrc_tmf_2020_2023_se_asia_borneo_01_006656_003584.png,/private/tmp/JRC_TMF_256_5000_build/label/jrc_tmf_2020_2023_se_asia_borneo_01_006656_003584.png,,,,,,
jrc_tmf_2020_2023_amazon_colombia_01_000768_004608,jrc_tmf_2020_2023_amazon_colombia_01_000768_004608.png,jrc_tmf_2020_2023_amazon_colombia_01,train,0.16436573677362024,/private/tmp/JRC_TMF_256_5000_build/A/jrc_tmf_2020_2023_amazon_colombia_01_000768_004608.png,/private/tmp/JRC_TMF_256_5000_build/B/jrc_tmf_2020_2023_amazon_colombia_01_000768_004608.png,/private/tmp/JRC_TMF_256_5000_build/label/jrc_tmf_2020_2023_amazon_colombia_01_000768_004608.png,,,,,,
jrc_tmf_2020_2023_amazon_peru_02_stable_005120_000768,jrc_tmf_2020_2023_amazon_peru_02_stable_005120_000768.png,jrc_tmf_2020_2023_amazon_peru_02_stable,train,0.056212578554109556,/private/tmp/JRC_TMF_256_5000_build/A/jrc_tmf_2020_2023_amazon_peru_02_stable_005120_000768.png,/private/tmp/JRC_TMF_256_5000_build/B/jrc_tmf_2020_2023_amazon_peru_02_stable_005120_000768.png,/private/tmp/JRC_TMF_256_5000_build/label/jrc_tmf_2020_2023_amazon_peru_02_stable_005120_000768.png,,,,,,
jrc_tmf_2020_2023_amazon_guyana_01_stable_000768_003584,jrc_tmf_2020_2023_amazon_guyana_01_stable_000768_003584.png,jrc_tmf_2020_2023_amazon_guyana_01_stable,test,0.00403436682853941,/private/tmp/JRC_TMF_256_5000_build/A/jrc_tmf_2020_2023_amazon_guyana_01_stable_000768_003584.png,/private/tmp/JRC_TMF_256_5000_build/B/jrc_tmf_2020_2023_amazon_guyana_01_stable_000768_003584.png,/private/tmp/JRC_TMF_256_5000_build/label/jrc_tmf_2020_2023_amazon_guyana_01_stable_000768_003584.png,,,,,,
jrc_tmf_2020_2023_congo_gabon_02_stable_004608_003584,jrc_tmf_2020_2023_congo_gabon_02_stable_004608_003584.png,jrc_tmf_2020_2023_congo_gabon_02_stable,train,0.0057693725576937254,/private/tmp/JRC_TMF_256_5000_build/A/jrc_tmf_2020_2023_congo_gabon_02_stable_004608_003584.png,/private/tmp/JRC_TMF_256_5000_build/B/jrc_tmf_2020_2023_congo_gabon_02_stable_004608_003584.png,/private/tmp/JRC_TMF_256_5000_build/label/jrc_tmf_2020_2023_congo_gabon_02_stable_004608_003584.png,,,,,,
jrc_tmf_2020_2023_amazon_guyana_01_stable_004096_006400,jrc_tmf_2020_2023_amazon_guyana_01_stable_004096_006400.png,jrc_tmf_2020_2023_amazon_guyana_01_stable,train,0.01973795891911912,/private/tmp/JRC_TMF_256_5000_build/A/jrc_tmf_2020_2023_amazon_guyana_01_stable_004096_006400.png,/private/tmp/JRC_TMF_256_5000_build/B/jrc_tmf_2020_2023_amazon_guyana_01_stable_004096_006400.png,/private/tmp/JRC_TMF_256_5000_build/label/jrc_tmf_2020_2023_amazon_guyana_01_stable_004096_006400.png,,,,,,
jrc_tmf_2020_2023_amazon_brazil_01_002304_000256,jrc_tmf_2020_2023_amazon_brazil_01_002304_000256.png,jrc_tmf_2020_2023_amazon_brazil_01,test,0.0,/private/tmp/JRC_TMF_256_5000_build/A/jrc_tmf_2020_2023_amazon_brazil_01_002304_000256.png,/private/tmp/JRC_TMF_256_5000_build/B/jrc_tmf_2020_2023_amazon_brazil_01_002304_000256.png,/private/tmp/JRC_TMF_256_5000_build/label/jrc_tmf_2020_2023_amazon_brazil_01_002304_000256.png,,,,,,
jrc_tmf_2020_2023_amazon_brazil_01_000768_005120,jrc_tmf_2020_2023_amazon_brazil_01_000768_005120.png,jrc_tmf_2020_2023_amazon_brazil_01,train,0.005664972469292672,/private/tmp/JRC_TMF_256_5000_build/A/jrc_tmf_2020_2023_amazon_brazil_01_000768_005120.png,/private/tmp/JRC_TMF_256_5000_build/B/jrc_tmf_2020_2023_amazon_brazil_01_000768_005120.png,/private/tmp/JRC_TMF_256_5000_build/label/jrc_tmf_2020_2023_amazon_brazil_01_000768_005120.png,,,,,,
jrc_tmf_2020_2023_congo_drc_02_stable_005376_002816,jrc_tmf_2020_2023_congo_drc_02_stable_005376_002816.png,jrc_tmf_2020_2023_congo_drc_02_stable,train,0.010666625857002938,/private/tmp/JRC_TMF_256_5000_build/A/jrc_tmf_2020_2023_congo_drc_02_stable_005376_002816.png,/private/tmp/JRC_TMF_256_5000_build/B/jrc_tmf_2020_2023_congo_drc_02_stable_005376_002816.png,/private/tmp/JRC_TMF_256_5000_build/label/jrc_tmf_2020_2023_congo_drc_02_stable_005376_002816.png,,,,,,
jrc_tmf_2020_2023_se_asia_borneo_02_stable_003584_006144,jrc_tmf_2020_2023_se_asia_borneo_02_stable_003584_006144.png,jrc_tmf_2020_2023_se_asia_borneo_02_stable,train,0.07273286642416345,/private/tmp/JRC_TMF_256_5000_build/A/jrc_tmf_2020_2023_se_asia_borneo_02_stable_003584_006144.png,/private/tmp/JRC_TMF_256_5000_build/B/jrc_tmf_2020_2023_se_asia_borneo_02_stable_003584_006144.png,/private/tmp/JRC_TMF_256_5000_build/label/jrc_tmf_2020_2023_se_asia_borneo_02_stable_003584_006144.png,,,,,,
jrc_tmf_2020_2023_amazon_brazil_01_000000_004864,jrc_tmf_2020_2023_amazon_brazil_01_000000_004864.png,jrc_tmf_2020_2023_amazon_brazil_01,test,0.0628446619988847,/private/tmp/JRC_TMF_256_5000_build/A/jrc_tmf_2020_2023_amazon_brazil_01_000000_004864.png,/private/tmp/JRC_TMF_256_5000_build/B/jrc_tmf_2020_2023_amazon_brazil_01_000000_004864.png,/private/tmp/JRC_TMF_256_5000_build/label/jrc_tmf_2020_2023_amazon_brazil_01_000000_004864.png,,,,,,
jrc_tmf_2020_2023_congo_gabon_01_005888_000768,jrc_tmf_2020_2023_congo_gabon_01_005888_000768.png,jrc_tmf_2020_2023_congo_gabon_01,train,0.01758327801324278,/private/tmp/JRC_TMF_256_5000_build/A/jrc_tmf_2020_2023_congo_gabon_01_005888_000768.png,/private/tmp/JRC_TMF_256_5000_build/B/jrc_tmf_2020_2023_congo_gabon_01_005888_000768.png,/private/tmp/JRC_TMF_256_5000_build/label/jrc_tmf_2020_2023_congo_gabon_01_005888_000768.png,,,,,,
jrc_tmf_2020_2023_amazon_peru_01_005120_002048,jrc_tmf_2020_2023_amazon_peru_01_005120_002048.png,jrc_tmf_2020_2023_amazon_peru_01,train,0.0,/private/tmp/JRC_TMF_256_5000_build/A/jrc_tmf_2020_2023_amazon_peru_01_005120_002048.png,/private/tmp/JRC_TMF_256_5000_build/B/jrc_tmf_2020_2023_amazon_peru_01_005120_002048.png,/private/tmp/JRC_TMF_256_5000_build/label/jrc_tmf_2020_2023_amazon_peru_01_005120_002048.png,,,,,,
jrc_tmf_2020_2023_congo_roc_01_stable_006656_002816,jrc_tmf_2020_2023_congo_roc_01_stable_006656_002816.png,jrc_tmf_2020_2023_congo_roc_01_stable,test,0.004584946390023727,/private/tmp/JRC_TMF_256_5000_build/A/jrc_tmf_2020_2023_congo_roc_01_stable_006656_002816.png,/private/tmp/JRC_TMF_256_5000_build/B/jrc_tmf_2020_2023_congo_roc_01_stable_006656_002816.png,/private/tmp/JRC_TMF_256_5000_build/label/jrc_tmf_2020_2023_congo_roc_01_stable_006656_002816.png,,,,,,
jrc_tmf_2020_2023_amazon_brazil_02_stable_001536_001792,jrc_tmf_2020_2023_amazon_brazil_02_stable_001536_001792.png,jrc_tmf_2020_2023_amazon_brazil_02_stable,train,0.016238410150268397,/private/tmp/JRC_TMF_256_5000_build/A/jrc_tmf_2020_2023_amazon_brazil_02_stable_001536_001792.png,/private/tmp/JRC_TMF_256_5000_build/B/jrc_tmf_2020_2023_amazon_brazil_02_stable_001536_001792.png,/private/tmp/JRC_TMF_256_5000_build/label/jrc_tmf_2020_2023_amazon_brazil_02_stable_001536_001792.png,,,,,,
jrc_tmf_2020_2023_amazon_bolivia_01_000768_000512,jrc_tmf_2020_2023_amazon_bolivia_01_000768_000512.png,jrc_tmf_2020_2023_amazon_bolivia_01,train,0.011109360226914592,/private/tmp/JRC_TMF_256_5000_build/A/jrc_tmf_2020_2023_amazon_bolivia_01_000768_000512.png,/private/tmp/JRC_TMF_256_5000_build/B/jrc_tmf_2020_2023_amazon_bolivia_01_000768_000512.png,/private/tmp/JRC_TMF_256_5000_build/label/jrc_tmf_2020_2023_amazon_bolivia_01_000768_000512.png,,,,,,
jrc_tmf_2020_2023_se_asia_sumatra_01_003072_000512,jrc_tmf_2020_2023_se_asia_sumatra_01_003072_000512.png,jrc_tmf_2020_2023_se_asia_sumatra_01,train,0.0028511778636420293,/private/tmp/JRC_TMF_256_5000_build/A/jrc_tmf_2020_2023_se_asia_sumatra_01_003072_000512.png,/private/tmp/JRC_TMF_256_5000_build/B/jrc_tmf_2020_2023_se_asia_sumatra_01_003072_000512.png,/private/tmp/JRC_TMF_256_5000_build/label/jrc_tmf_2020_2023_se_asia_sumatra_01_003072_000512.png,,,,,,
jrc_tmf_2020_2023_congo_cameroon_01_003072_000256,jrc_tmf_2020_2023_congo_cameroon_01_003072_000256.png,jrc_tmf_2020_2023_congo_cameroon_01,train,0.0,/private/tmp/JRC_TMF_256_5000_build/A/jrc_tmf_2020_2023_congo_cameroon_01_003072_000256.png,/private/tmp/JRC_TMF_256_5000_build/B/jrc_tmf_2020_2023_congo_cameroon_01_003072_000256.png,/private/tmp/JRC_TMF_256_5000_build/label/jrc_tmf_2020_2023_congo_cameroon_01_003072_000256.png,,,,,,
jrc_tmf_2020_2023_se_asia_sumatra_01_006656_003072,jrc_tmf_2020_2023_se_asia_sumatra_01_006656_003072.png,jrc_tmf_2020_2023_se_asia_sumatra_01,test,0.09211905819635717,/private/tmp/JRC_TMF_256_5000_build/A/jrc_tmf_2020_2023_se_asia_sumatra_01_006656_003072.png,/private/tmp/JRC_TMF_256_5000_build/B/jrc_tmf_2020_2023_se_asia_sumatra_01_006656_003072.png,/private/tmp/JRC_TMF_256_5000_build/label/jrc_tmf_2020_2023_se_asia_sumatra_01_006656_003072.png,,,,,,
jrc_tmf_2020_2023_se_asia_borneo_02_stable_004864_005120,jrc_tmf_2020_2023_se_asia_borneo_02_stable_004864_005120.png,jrc_tmf_2020_2023_se_asia_borneo_02_stable,train,0.011544237266925291,/private/tmp/JRC_TMF_256_5000_build/A/jrc_tmf_2020_2023_se_asia_borneo_02_stable_004864_005120.png,/private/tmp/JRC_TMF_256_5000_build/B/jrc_tmf_2020_2023_se_asia_borneo_02_stable_004864_005120.png,/private/tmp/JRC_TMF_256_5000_build/label/jrc_tmf_2020_2023_se_asia_borneo_02_stable_004864_005120.png,,,,,,
jrc_tmf_2020_2023_amazon_peru_01_000768_001280,jrc_tmf_2020_2023_amazon_peru_01_000768_001280.png,jrc_tmf_2020_2023_amazon_peru_01,train,0.0037304875624933113,/private/tmp/JRC_TMF_256_5000_build/A/jrc_tmf_2020_2023_amazon_peru_01_000768_001280.png,/private/tmp/JRC_TMF_256_5000_build/B/jrc_tmf_2020_2023_amazon_peru_01_000768_001280.png,/private/tmp/JRC_TMF_256_5000_build/label/jrc_tmf_2020_2023_amazon_peru_01_000768_001280.png,,,,,,
jrc_tmf_2020_2023_congo_cameroon_01_000256_000256,jrc_tmf_2020_2023_congo_cameroon_01_000256_000256.png,jrc_tmf_2020_2023_congo_cameroon_01,train,0.05064585392454245,/private/tmp/JRC_TMF_256_5000_build/A/jrc_tmf_2020_2023_congo_cameroon_01_000256_000256.png,/private/tmp/JRC_TMF_256_5000_build/B/jrc_tmf_2020_2023_congo_cameroon_01_000256_000256.png,/private/tmp/JRC_TMF_256_5000_build/label/jrc_tmf_2020_2023_congo_cameroon_01_000256_000256.png,,,,,,
jrc_tmf_2020_2023_congo_drc_02_stable_004864_003072,jrc_tmf_2020_2023_congo_drc_02_stable_004864_003072.png,jrc_tmf_2020_2023_congo_drc_02_stable,train,0.0,/private/tmp/JRC_TMF_256_5000_build/A/jrc_tmf_2020_2023_congo_drc_02_stable_004864_003072.png,/private/tmp/JRC_TMF_256_5000_build/B/jrc_tmf_2020_2023_congo_drc_02_stable_004864_003072.png,/private/tmp/JRC_TMF_256_5000_build/label/jrc_tmf_2020_2023_congo_drc_02_stable_004864_003072.png,,,,,,
jrc_tmf_2020_2023_congo_drc_01_006912_006656,jrc_tmf_2020_2023_congo_drc_01_006912_006656.png,jrc_tmf_2020_2023_congo_drc_01,train,0.0780440616613618,/private/tmp/JRC_TMF_256_5000_build/A/jrc_tmf_2020_2023_congo_drc_01_006912_006656.png,/private/tmp/JRC_TMF_256_5000_build/B/jrc_tmf_2020_2023_congo_drc_01_006912_006656.png,/private/tmp/JRC_TMF_256_5000_build/label/jrc_tmf_2020_2023_congo_drc_01_006912_006656.png,,,,,,
jrc_tmf_2020_2023_congo_gabon_01_003840_002560,jrc_tmf_2020_2023_congo_gabon_01_003840_002560.png,jrc_tmf_2020_2023_congo_gabon_01,train,0.002780153977758768,/private/tmp/JRC_TMF_256_5000_build/A/jrc_tmf_2020_2023_congo_gabon_01_003840_002560.png,/private/tmp/JRC_TMF_256_5000_build/B/jrc_tmf_2020_2023_congo_gabon_01_003840_002560.png,/private/tmp/JRC_TMF_256_5000_build/label/jrc_tmf_2020_2023_congo_gabon_01_003840_002560.png,,,,,,
